"","X1","X2","X3","X4","X5","X6","X7","X8","X9","X10"
"-7PuYohz9dR80iGfVR_kLA","1YqkSk2xorNWPOoieIMApQ","Pq_dAtQ4i1wkyWsEiFYrEA","JbWQtVLQDEOBlvbVWk2OFg","EKQiKd7EMZjsa4JokFaeAg","i_t8WTwztuHweRqQ89hmuQ","DjDcRTH09r1Yma6qd0om0Q","5TPyzmhr3TKyWkPfzm01wA","e88VWa9xdHmSFdMZne9eLQ","O1Sp0pDa8wmMfOC-FUGZFQ","ECKXHrl2GqNKRMG9jp4trg"
"-A4suUjxa7gNaiUMDjO42g","BkqM_Ou82P3gn_PTxEN3pw","dHkbBWmXXjaO_-9BgQyEPg","7B-suS0RHxqxZBBfVfiPLA","a39B-BfbCipNkNH7vwCfug","lG9YdIb-87LK21XnMKvzFg","J2mmkwPiTQg3aCXP3afiJQ","hz18cj0wMLa5X9GVW-Un9A","w7v0_gmsAtZRmn6dL1Fqgw","P6ZV903fV-rD9pYO7WM0Pw","5_cn7M-9swHrFbnqZtYGBQ"
"-Jhlh8Scjy669NdtCfKSSg","5_cn7M-9swHrFbnqZtYGBQ","w7v0_gmsAtZRmn6dL1Fqgw","7B-suS0RHxqxZBBfVfiPLA","SUktrYdNQD8k2vvkM4OpfA","MfJSKP5HRllfts13MiKs1g","gnqHyA6gY2-m9S-FKt6Xqw","hz18cj0wMLa5X9GVW-Un9A","P6ZV903fV-rD9pYO7WM0Pw","3G_bblT7MQIlXx8BBorILQ","4cPM1Hcj3UiN3fxyOsiR9w"
"-LfTBo0oa_uD454ScEW2XA","zTGxLMOd9crAz0XNzqrcrA","ks6JgGsz7phkGEVh9hoHkg","Icj9QzQxqvzOmPm_liAq1Q","pFvyOYi1O5umrbzGVYSYKg","4hWDMVtfnpyY72_5QMbthA","8ed4YmEWPr5nfau82-OtCA","ATEOnDYQCYSwCCH6hxenlQ","BvARTl3t-aztQ9HPKc9xGQ","CObgcxFJuEXZZpm4Mw3z1A","abA0s0uxoeOn7zNm-1dDxw"
"-S1BkxguVmi2G_O6Bcoabg","MQ-xcuUXXBYvrXzy7BmOFw","zp3rZNu-5qonTL3ByPYOUg","R32Yh0XxxanldkIp11fuRg","8GUMO244E8CxfJcyJIWFOA","-A4suUjxa7gNaiUMDjO42g","ZxQlHVm0pj0ERqpwhEHc6w","vqEtZ7CtNB9G8WMzjwJA2g","gEJZ5USuvC1r8_QvSvDCNA","hvPPw19VdGRsOEkxgyD7tg","wsuzuLD3KV7L8oMinLCI0A"
"-XH3-e3jDVdjHJq7GfNY7w","dKncjeWnvdqYiNC8l26fog","ZvSy8yaly9Aeh64Qm4Dsfw","njngMI0mhAGJ-kH0oo68Ow","0aA5l11oXes0aS6mkN5lMQ","OyBStpjF5e_iRCMXflFasQ","Sp32-I-Ej0CBVJvFCghyPw","OS78OVr7cCIZ5eAFGHZzwg","ECKXHrl2GqNKRMG9jp4trg","e0prCZXtHGQIKeQ_wTW3uw","FM-rxNJP7eSXZGwizEd-Dg"
"-fiUXzkxRfbHY9TKWwuptw","Z7r_FJXEyfyvVsyv2y7gFQ","SvxSoyZn0WW0c7bFLIYfMA","6o6XxnI8RWhnAVSdxqCJWQ","ZvSy8yaly9Aeh64Qm4Dsfw","QdganL5AW9E_fNoRVroLig","vsoEZauF4lrADIqCYXySFQ","o5Mofj5KJkYAMs_fhxftpg","r_QcMIgY2zxdcV40kK_rxw","Frbldz6phswVyMNvwherhA","Qc5zSg9lnsT4G37hxr53tQ"
"-zEpEmDfFQL-ph0N3BDlXA","_a6jhRFIgOe74U73T5B-Ww","VHsNB3pdGVcRgs6C3jt6Zg","vVdY2qDO7dkUrU8LXYZ1uA","6o6XxnI8RWhnAVSdxqCJWQ","k6m3Msok7bto6biv5guEzg","C3d4HqDjWq9e_0cPfmPykg","o9nGD3J0btXjE9M6IdgZTA","y2V42mxWvVoH4NvUT_n8eg","OrX0D6xwxmymxfzWRatT7Q","sYf2auhosrx8trbyP9nGyw"
"0-WocGTpO3Zm4q1Zzz49Rw","Z7r_FJXEyfyvVsyv2y7gFQ","gEJZ5USuvC1r8_QvSvDCNA","hvPPw19VdGRsOEkxgyD7tg","E6QAh8UPRo6Tlg6hkcWCHw","uGxZdLLgMQDvFSqiXyCg_w","Epr8Ft7LwYAzotFwxQX6uw","eJtmOfqwGj5sYKQrB01oWQ","dn9lwYUxmhs_mLKPu7L25Q","7B-suS0RHxqxZBBfVfiPLA","ZcR6MePiNSwL7DIHS6hGqQ"
"0FrYsoVHheQGoXEQsH2d2Q","dHkbBWmXXjaO_-9BgQyEPg","P6ZV903fV-rD9pYO7WM0Pw","7B-suS0RHxqxZBBfVfiPLA","gnqHyA6gY2-m9S-FKt6Xqw","hz18cj0wMLa5X9GVW-Un9A","hvPPw19VdGRsOEkxgyD7tg","4cPM1Hcj3UiN3fxyOsiR9w","eJtmOfqwGj5sYKQrB01oWQ","Sp32-I-Ej0CBVJvFCghyPw","Z7r_FJXEyfyvVsyv2y7gFQ"
"0Tiq09V_kdMFPa1cL6I0AA","pBCI0MkVxoKixxIhZqRT4Q","tCCBl_sHPQsJg37g2fjRpA","0tU2xdfTSfz-BwD4VhtVAQ","gWZOW4-8N5dLixQAlp8iRg","nsSfCKW9KDB4COj9bzXApw","V-_Kh0RtKcKdQ0ON4eVQ-Q","ZGIkQIh3KTLM1yOCNpvU5Q","PBmfdx-tC2D54FI3HtcKww","VIJ2KiDKhUVhhpNylEIfog","HvRWUE3yP3mY4mZiG6UtJg"
"0aA5l11oXes0aS6mkN5lMQ","e0prCZXtHGQIKeQ_wTW3uw","ECKXHrl2GqNKRMG9jp4trg","OS78OVr7cCIZ5eAFGHZzwg","3G_bblT7MQIlXx8BBorILQ","gnqHyA6gY2-m9S-FKt6Xqw","B9W60PTxn7XOZfk4BiTvyw","0FrYsoVHheQGoXEQsH2d2Q","RQxLNvAra_MUUPHdhukilA","jKxES7iLV63H_PfyGVGIDw","BkqM_Ou82P3gn_PTxEN3pw"
"0tU2xdfTSfz-BwD4VhtVAQ","abA0s0uxoeOn7zNm-1dDxw","E6QAh8UPRo6Tlg6hkcWCHw","uGxZdLLgMQDvFSqiXyCg_w","ZxQlHVm0pj0ERqpwhEHc6w","24UHe1SZ4cgm6u6bU_L6xA","ECKXHrl2GqNKRMG9jp4trg","e0prCZXtHGQIKeQ_wTW3uw","5bTjUBhGbild5tuzfAmIJg","mZJdFjxvVddqPN5RZdKSHg","PyUzLJdol6u2sSxEmJK5Cg"
"1YqkSk2xorNWPOoieIMApQ","Pq_dAtQ4i1wkyWsEiFYrEA","-7PuYohz9dR80iGfVR_kLA","JbWQtVLQDEOBlvbVWk2OFg","zp3rZNu-5qonTL3ByPYOUg","EKQiKd7EMZjsa4JokFaeAg","9zGkU1ahmYCn3DlnKOXhqA","DjDcRTH09r1Yma6qd0om0Q","5TPyzmhr3TKyWkPfzm01wA","MQ-xcuUXXBYvrXzy7BmOFw","PBmfdx-tC2D54FI3HtcKww"
"1p6qHrapvuKpbZGLT9qskw","J2mmkwPiTQg3aCXP3afiJQ","dHkbBWmXXjaO_-9BgQyEPg","BkqM_Ou82P3gn_PTxEN3pw","a39B-BfbCipNkNH7vwCfug","lG9YdIb-87LK21XnMKvzFg","7B-suS0RHxqxZBBfVfiPLA","hz18cj0wMLa5X9GVW-Un9A","Z7r_FJXEyfyvVsyv2y7gFQ","eJtmOfqwGj5sYKQrB01oWQ","5_cn7M-9swHrFbnqZtYGBQ"
"1qQ5VkxiBUjbGGdpBN-PUQ","J2mmkwPiTQg3aCXP3afiJQ","BkqM_Ou82P3gn_PTxEN3pw","w7v0_gmsAtZRmn6dL1Fqgw","gnqHyA6gY2-m9S-FKt6Xqw","7B-suS0RHxqxZBBfVfiPLA","e0prCZXtHGQIKeQ_wTW3uw","P6ZV903fV-rD9pYO7WM0Pw","SUktrYdNQD8k2vvkM4OpfA","B9W60PTxn7XOZfk4BiTvyw","3G_bblT7MQIlXx8BBorILQ"
"24UHe1SZ4cgm6u6bU_L6xA","ZxQlHVm0pj0ERqpwhEHc6w","MfJSKP5HRllfts13MiKs1g","xistlMeIIjG21z2SaWvfVQ","ECKXHrl2GqNKRMG9jp4trg","3G_bblT7MQIlXx8BBorILQ","Kws-gPJjF4RxLxJE_2BjKQ","5_cn7M-9swHrFbnqZtYGBQ","a39B-BfbCipNkNH7vwCfug","RAJUQvRLopFmIklzqaUYeA","hvPPw19VdGRsOEkxgyD7tg"
"2BEJCBkNzOBXaydBJf5k0A","V-_Kh0RtKcKdQ0ON4eVQ-Q","pBCI0MkVxoKixxIhZqRT4Q","ZGIkQIh3KTLM1yOCNpvU5Q","3B74iILT_W1ptfQeW7pIYQ","CObgcxFJuEXZZpm4Mw3z1A","HvRWUE3yP3mY4mZiG6UtJg","vVdY2qDO7dkUrU8LXYZ1uA","tCCBl_sHPQsJg37g2fjRpA","NpNSOfnPxJKa8_qh83NArw","EZOoB2D8uQHV_gJoGCMTxQ"
"2pbOSrbB5AtQIa240AXNvQ","BkqM_Ou82P3gn_PTxEN3pw","a39B-BfbCipNkNH7vwCfug","lG9YdIb-87LK21XnMKvzFg","hz18cj0wMLa5X9GVW-Un9A","5_cn7M-9swHrFbnqZtYGBQ","w7v0_gmsAtZRmn6dL1Fqgw","gnqHyA6gY2-m9S-FKt6Xqw","P6ZV903fV-rD9pYO7WM0Pw","Z7r_FJXEyfyvVsyv2y7gFQ","eJtmOfqwGj5sYKQrB01oWQ"
"3B74iILT_W1ptfQeW7pIYQ","o9nGD3J0btXjE9M6IdgZTA","V-_Kh0RtKcKdQ0ON4eVQ-Q","KGpsB2dsdkxl8SGVUlJbZw","iO86eCaZJBHqi1sZ1ELk6A","ZGIkQIh3KTLM1yOCNpvU5Q","oK9mdYF8q0XSkhpKs8ChHg","FM-rxNJP7eSXZGwizEd-Dg","OrX0D6xwxmymxfzWRatT7Q","VSkNNLEGTwVCjXTqQ4rCrg","C3d4HqDjWq9e_0cPfmPykg"
"3G_bblT7MQIlXx8BBorILQ","5_cn7M-9swHrFbnqZtYGBQ","MfJSKP5HRllfts13MiKs1g","Epr8Ft7LwYAzotFwxQX6uw","ECKXHrl2GqNKRMG9jp4trg","NEVA0IYbawceL6kz5v5DAw","dn9lwYUxmhs_mLKPu7L25Q","-Jhlh8Scjy669NdtCfKSSg","g5Lv61xQ_lTD2dU9QIJfeg","1qQ5VkxiBUjbGGdpBN-PUQ","xWGn7oqLOZu_00H8pZOtsQ"
"4SGa5HFu7Q4rrsAAWJa-ew","tQaIWc9qeiB1IU163LKlAw","nf8cdI8ntEBHHklZq2uuJA","CKqHfvcqx73-Uz0xGMHL6Q","beBdNA6cEuDLvrhTi_EjKQ","uGxZdLLgMQDvFSqiXyCg_w","B9W60PTxn7XOZfk4BiTvyw","kyXEnWKQGWSThY6EcjORuw","Kws-gPJjF4RxLxJE_2BjKQ","PBmfdx-tC2D54FI3HtcKww","wsuzuLD3KV7L8oMinLCI0A"
"4cPM1Hcj3UiN3fxyOsiR9w","wCB9mquz6W0ZuO5pPZXeDg","LyGab6ITDEMDI5E0YcC0Ng","NPpttQPnIbzezRMURx973g","JoHDOuZ1BnFi63PgC_zYeQ","S_9OaE_RBWBIXnUKvxJKsQ","qaS11gk1kIlrzCX1LYiZsw","0FrYsoVHheQGoXEQsH2d2Q","lWmDrnqgU6w3gFaJyn_1Uw","jKxES7iLV63H_PfyGVGIDw","D6SCh4BwNb52wZIqXdS4JQ"
"4hWDMVtfnpyY72_5QMbthA","ks6JgGsz7phkGEVh9hoHkg","-LfTBo0oa_uD454ScEW2XA","pFvyOYi1O5umrbzGVYSYKg","CObgcxFJuEXZZpm4Mw3z1A","MQ-xcuUXXBYvrXzy7BmOFw","ATEOnDYQCYSwCCH6hxenlQ","BvARTl3t-aztQ9HPKc9xGQ","nyI3q0CseFbPbTobHuzgkw","ab-SN9sTNB29QzrgjgniUQ","UUsS7SrTQQ2AvvpslfrvFA"
"5CSGxhesXkz2XNQB8AP6Kw","hP2DOm7E2H4P7MOS7XN_SQ","5_cn7M-9swHrFbnqZtYGBQ","ECKXHrl2GqNKRMG9jp4trg","Sp32-I-Ej0CBVJvFCghyPw","NSzhahVpI_B32snhJHM0HA","RQxLNvAra_MUUPHdhukilA","K2lscpx0S9wpqNz0s9AIwQ","ZcR6MePiNSwL7DIHS6hGqQ","MfJSKP5HRllfts13MiKs1g","XvhCPxnxDvISSsTpiKuo4w"
"5TPyzmhr3TKyWkPfzm01wA","uGxZdLLgMQDvFSqiXyCg_w","O6vI8ti-3uYE15ooEthFiw","1YqkSk2xorNWPOoieIMApQ","BvARTl3t-aztQ9HPKc9xGQ","Pq_dAtQ4i1wkyWsEiFYrEA","pBCI0MkVxoKixxIhZqRT4Q","PBmfdx-tC2D54FI3HtcKww","FM-rxNJP7eSXZGwizEd-Dg","y2V42mxWvVoH4NvUT_n8eg","-7PuYohz9dR80iGfVR_kLA"
"5_cn7M-9swHrFbnqZtYGBQ","-Jhlh8Scjy669NdtCfKSSg","m6nLTIrEJHtHSYJjVavnzw","lWmDrnqgU6w3gFaJyn_1Uw","JoHDOuZ1BnFi63PgC_zYeQ","D6SCh4BwNb52wZIqXdS4JQ","oD1PPb-TfMIkkg77u1zCAw","S_9OaE_RBWBIXnUKvxJKsQ","X57f6FWZiwI1wOidPPhOrQ","hP2DOm7E2H4P7MOS7XN_SQ","g5Lv61xQ_lTD2dU9QIJfeg"
"5bTjUBhGbild5tuzfAmIJg","0tU2xdfTSfz-BwD4VhtVAQ","SUktrYdNQD8k2vvkM4OpfA","7B-suS0RHxqxZBBfVfiPLA","ZxQlHVm0pj0ERqpwhEHc6w","w7v0_gmsAtZRmn6dL1Fqgw","eJtmOfqwGj5sYKQrB01oWQ","O3zVw-VAcJi8ta4B6v5iAA","P6ZV903fV-rD9pYO7WM0Pw","JoHDOuZ1BnFi63PgC_zYeQ","uGxZdLLgMQDvFSqiXyCg_w"
"5dCJy5oH6ZHqB_7cx76DhA","i_t8WTwztuHweRqQ89hmuQ","nplkC6vnh4qT9xH-vhup6w","o9nGD3J0btXjE9M6IdgZTA","nsSfCKW9KDB4COj9bzXApw","CObgcxFJuEXZZpm4Mw3z1A","0tU2xdfTSfz-BwD4VhtVAQ","JbWQtVLQDEOBlvbVWk2OFg","PgMt7JtwUB-QUoRZAbwUng","S7TY9oCMqK-TffWrygetcw","3B74iILT_W1ptfQeW7pIYQ"
"5jXwI9WpDxGDmzmkmE0RTg","J2mmkwPiTQg3aCXP3afiJQ","dHkbBWmXXjaO_-9BgQyEPg","lG9YdIb-87LK21XnMKvzFg","a39B-BfbCipNkNH7vwCfug","BkqM_Ou82P3gn_PTxEN3pw","SUktrYdNQD8k2vvkM4OpfA","hz18cj0wMLa5X9GVW-Un9A","eJtmOfqwGj5sYKQrB01oWQ","w7v0_gmsAtZRmn6dL1Fqgw","P6ZV903fV-rD9pYO7WM0Pw"
"5lw5rrhFMz-liykUn8dGSw","dHkbBWmXXjaO_-9BgQyEPg","J2mmkwPiTQg3aCXP3afiJQ","a39B-BfbCipNkNH7vwCfug","lG9YdIb-87LK21XnMKvzFg","7B-suS0RHxqxZBBfVfiPLA","w7v0_gmsAtZRmn6dL1Fqgw","5_cn7M-9swHrFbnqZtYGBQ","hz18cj0wMLa5X9GVW-Un9A","gnqHyA6gY2-m9S-FKt6Xqw","SUktrYdNQD8k2vvkM4OpfA"
"5uvf3QpmrdU2aiqmF4278A","V-_Kh0RtKcKdQ0ON4eVQ-Q","pBCI0MkVxoKixxIhZqRT4Q","EKQiKd7EMZjsa4JokFaeAg","ZGIkQIh3KTLM1yOCNpvU5Q","xE4WM5ZvtBkFnojFUTQfqg","HvRWUE3yP3mY4mZiG6UtJg","C3d4HqDjWq9e_0cPfmPykg","3B74iILT_W1ptfQeW7pIYQ","VHsNB3pdGVcRgs6C3jt6Zg","nsSfCKW9KDB4COj9bzXApw"
"62Ibju8UmUZtPIBLDS_nUw","zTGxLMOd9crAz0XNzqrcrA","BvARTl3t-aztQ9HPKc9xGQ","s173l3ubdDLHeFIBO3ydrw","dKncjeWnvdqYiNC8l26fog","tjflM9icU-y6xqNntOXtOQ","7AlULGZI1pHt0imODsqdkg","aaJ-RaUdHyB4R3U4qNbRBA","DjDcRTH09r1Yma6qd0om0Q","fTcqd-yameQpFg22hNFxsQ","5TPyzmhr3TKyWkPfzm01wA"
"6d82R41sVNDVS0I-c1Ghkg","J2mmkwPiTQg3aCXP3afiJQ","a39B-BfbCipNkNH7vwCfug","BkqM_Ou82P3gn_PTxEN3pw","5_cn7M-9swHrFbnqZtYGBQ","P6ZV903fV-rD9pYO7WM0Pw","w7v0_gmsAtZRmn6dL1Fqgw","hz18cj0wMLa5X9GVW-Un9A","lG9YdIb-87LK21XnMKvzFg","SvxSoyZn0WW0c7bFLIYfMA","SUktrYdNQD8k2vvkM4OpfA"
"6o6XxnI8RWhnAVSdxqCJWQ","eJtmOfqwGj5sYKQrB01oWQ","ZxQlHVm0pj0ERqpwhEHc6w","RQxLNvAra_MUUPHdhukilA","wCB9mquz6W0ZuO5pPZXeDg","-Jhlh8Scjy669NdtCfKSSg","kyXEnWKQGWSThY6EcjORuw","7B-suS0RHxqxZBBfVfiPLA","SgG5E7PUrCIsEMP0BVSlTg","5lw5rrhFMz-liykUn8dGSw","ECKXHrl2GqNKRMG9jp4trg"
"7AlULGZI1pHt0imODsqdkg","u7jiuYiz-zVwsh0TGRHUIg","dKncjeWnvdqYiNC8l26fog","PyUzLJdol6u2sSxEmJK5Cg","beBdNA6cEuDLvrhTi_EjKQ","OyBStpjF5e_iRCMXflFasQ","tQaIWc9qeiB1IU163LKlAw","ZvSy8yaly9Aeh64Qm4Dsfw","B9W60PTxn7XOZfk4BiTvyw","PBmfdx-tC2D54FI3HtcKww","5CSGxhesXkz2XNQB8AP6Kw"
"7B-suS0RHxqxZBBfVfiPLA","th4pZ5LkoIIkb1Vmu_m2DA","-Jhlh8Scjy669NdtCfKSSg","NPpttQPnIbzezRMURx973g","gEJZ5USuvC1r8_QvSvDCNA","JCnFvoh7lU8PF_Yhh8bgOw","hP2DOm7E2H4P7MOS7XN_SQ","-A4suUjxa7gNaiUMDjO42g","ZcR6MePiNSwL7DIHS6hGqQ","d_Wm9CpzIo_0T-XLfq1UcA","O3zVw-VAcJi8ta4B6v5iAA"
"7siEeRGqAJ730IkwAtcWAQ","fTcqd-yameQpFg22hNFxsQ","nf8cdI8ntEBHHklZq2uuJA","ZvSy8yaly9Aeh64Qm4Dsfw","ZxQlHVm0pj0ERqpwhEHc6w","uGxZdLLgMQDvFSqiXyCg_w","Kws-gPJjF4RxLxJE_2BjKQ","hvPPw19VdGRsOEkxgyD7tg","XvhCPxnxDvISSsTpiKuo4w","zTGxLMOd9crAz0XNzqrcrA","SUktrYdNQD8k2vvkM4OpfA"
"8GUMO244E8CxfJcyJIWFOA","dHkbBWmXXjaO_-9BgQyEPg","BkqM_Ou82P3gn_PTxEN3pw","J2mmkwPiTQg3aCXP3afiJQ","a39B-BfbCipNkNH7vwCfug","lG9YdIb-87LK21XnMKvzFg","7B-suS0RHxqxZBBfVfiPLA","hz18cj0wMLa5X9GVW-Un9A","5_cn7M-9swHrFbnqZtYGBQ","Z7r_FJXEyfyvVsyv2y7gFQ","w7v0_gmsAtZRmn6dL1Fqgw"
"8ed4YmEWPr5nfau82-OtCA","NpNSOfnPxJKa8_qh83NArw","-LfTBo0oa_uD454ScEW2XA","MA5R-mV6ljRM1MK6Mdiv5g","MQ-xcuUXXBYvrXzy7BmOFw","zTGxLMOd9crAz0XNzqrcrA","Hc5NrzzzL8RAnbcrIAvZug","qFwc6pD29qnTgd9tZDRYig","ZPREnm3Du71PYwtDuBJryQ","aaJ-RaUdHyB4R3U4qNbRBA","P6ZV903fV-rD9pYO7WM0Pw"
"9V4AGrJphOIw2RC1UoPPRw","dHkbBWmXXjaO_-9BgQyEPg","a39B-BfbCipNkNH7vwCfug","lG9YdIb-87LK21XnMKvzFg","BkqM_Ou82P3gn_PTxEN3pw","5_cn7M-9swHrFbnqZtYGBQ","7B-suS0RHxqxZBBfVfiPLA","P6ZV903fV-rD9pYO7WM0Pw","hz18cj0wMLa5X9GVW-Un9A","SUktrYdNQD8k2vvkM4OpfA","B9W60PTxn7XOZfk4BiTvyw"
"9zGkU1ahmYCn3DlnKOXhqA","1YqkSk2xorNWPOoieIMApQ","o9nGD3J0btXjE9M6IdgZTA","O1Sp0pDa8wmMfOC-FUGZFQ","ECKXHrl2GqNKRMG9jp4trg","vsoEZauF4lrADIqCYXySFQ","Kws-gPJjF4RxLxJE_2BjKQ","kyXEnWKQGWSThY6EcjORuw","PBmfdx-tC2D54FI3HtcKww","nf8cdI8ntEBHHklZq2uuJA","MfJSKP5HRllfts13MiKs1g"
"ATEOnDYQCYSwCCH6hxenlQ","g_oOjzFgqmSEAD4crxBirA","NpNSOfnPxJKa8_qh83NArw","-LfTBo0oa_uD454ScEW2XA","EZOoB2D8uQHV_gJoGCMTxQ","pFvyOYi1O5umrbzGVYSYKg","iO86eCaZJBHqi1sZ1ELk6A","4hWDMVtfnpyY72_5QMbthA","CObgcxFJuEXZZpm4Mw3z1A","V8ZeUbrMJ_q4FTgh3Fp2Nw","BvARTl3t-aztQ9HPKc9xGQ"
"B2N_XO6fX0ILL9c50QuzHg","dHkbBWmXXjaO_-9BgQyEPg","BkqM_Ou82P3gn_PTxEN3pw","w7v0_gmsAtZRmn6dL1Fqgw","lG9YdIb-87LK21XnMKvzFg","7B-suS0RHxqxZBBfVfiPLA","5_cn7M-9swHrFbnqZtYGBQ","Z7r_FJXEyfyvVsyv2y7gFQ","gnqHyA6gY2-m9S-FKt6Xqw","SUktrYdNQD8k2vvkM4OpfA","P6ZV903fV-rD9pYO7WM0Pw"
"B9W60PTxn7XOZfk4BiTvyw","5_cn7M-9swHrFbnqZtYGBQ","ECKXHrl2GqNKRMG9jp4trg","dHkbBWmXXjaO_-9BgQyEPg","RnGG5bAz4nTPo_Ui99Kzbg","Epr8Ft7LwYAzotFwxQX6uw","NEVA0IYbawceL6kz5v5DAw","1qQ5VkxiBUjbGGdpBN-PUQ","hP2DOm7E2H4P7MOS7XN_SQ","RQxLNvAra_MUUPHdhukilA","m6nLTIrEJHtHSYJjVavnzw"
"BKNPoWf3bQoxFWf-Kjt3wQ","gOMc2QcDaMIOkIVTShqoYA","DysXlYb_WVlksoip8atIvQ","Bfh_ON-LQUcJerjcDF5KNA","sYf2auhosrx8trbyP9nGyw","Frbldz6phswVyMNvwherhA","zswdqM8Av3KxVv9o7_6ORA","SUktrYdNQD8k2vvkM4OpfA","K2lscpx0S9wpqNz0s9AIwQ","YERn2kltXVj9936i6T4Q8w","NEVA0IYbawceL6kz5v5DAw"
"Bfh_ON-LQUcJerjcDF5KNA","o9nGD3J0btXjE9M6IdgZTA","CObgcxFJuEXZZpm4Mw3z1A","pBCI0MkVxoKixxIhZqRT4Q","0tU2xdfTSfz-BwD4VhtVAQ","S7TY9oCMqK-TffWrygetcw","i_t8WTwztuHweRqQ89hmuQ","nplkC6vnh4qT9xH-vhup6w","y2V42mxWvVoH4NvUT_n8eg","DysXlYb_WVlksoip8atIvQ","w7v0_gmsAtZRmn6dL1Fqgw"
"BkqM_Ou82P3gn_PTxEN3pw","th4pZ5LkoIIkb1Vmu_m2DA","1qQ5VkxiBUjbGGdpBN-PUQ","JoHDOuZ1BnFi63PgC_zYeQ","2pbOSrbB5AtQIa240AXNvQ","X57f6FWZiwI1wOidPPhOrQ","xWGn7oqLOZu_00H8pZOtsQ","Epr8Ft7LwYAzotFwxQX6uw","qaS11gk1kIlrzCX1LYiZsw","lWmDrnqgU6w3gFaJyn_1Uw","gEJZ5USuvC1r8_QvSvDCNA"
"BvARTl3t-aztQ9HPKc9xGQ","5TPyzmhr3TKyWkPfzm01wA","V-_Kh0RtKcKdQ0ON4eVQ-Q","OyBStpjF5e_iRCMXflFasQ","-LfTBo0oa_uD454ScEW2XA","pFvyOYi1O5umrbzGVYSYKg","mZJdFjxvVddqPN5RZdKSHg","PyUzLJdol6u2sSxEmJK5Cg","4hWDMVtfnpyY72_5QMbthA","62Ibju8UmUZtPIBLDS_nUw","abA0s0uxoeOn7zNm-1dDxw"
"C3d4HqDjWq9e_0cPfmPykg","PTQVaWA-I5ZLzwy5oBbVMg","HbK6IfznbVToEaKVC0WcSg","R32Yh0XxxanldkIp11fuRg","HvRWUE3yP3mY4mZiG6UtJg","th4pZ5LkoIIkb1Vmu_m2DA","vqEtZ7CtNB9G8WMzjwJA2g","8GUMO244E8CxfJcyJIWFOA","-A4suUjxa7gNaiUMDjO42g","iLxG2Oo8HNSZFvJvba4W6g","JCnFvoh7lU8PF_Yhh8bgOw"
"CKqHfvcqx73-Uz0xGMHL6Q","uGxZdLLgMQDvFSqiXyCg_w","nf8cdI8ntEBHHklZq2uuJA","ZxQlHVm0pj0ERqpwhEHc6w","5_cn7M-9swHrFbnqZtYGBQ","bkh5o6bCzDCovSkRYBsU1w","e0prCZXtHGQIKeQ_wTW3uw","mklo4H47YWK7f18YXTCEoA","Sp32-I-Ej0CBVJvFCghyPw","E6QAh8UPRo6Tlg6hkcWCHw","SUktrYdNQD8k2vvkM4OpfA"
"CObgcxFJuEXZZpm4Mw3z1A","PyUzLJdol6u2sSxEmJK5Cg","MQ-xcuUXXBYvrXzy7BmOFw","E6QAh8UPRo6Tlg6hkcWCHw","tCCBl_sHPQsJg37g2fjRpA","ZxQlHVm0pj0ERqpwhEHc6w","PTQVaWA-I5ZLzwy5oBbVMg","bkh5o6bCzDCovSkRYBsU1w","ECKXHrl2GqNKRMG9jp4trg","uGxZdLLgMQDvFSqiXyCg_w","VHsNB3pdGVcRgs6C3jt6Zg"
"CpNMXASiwtJv5eCDf0n63g","dHkbBWmXXjaO_-9BgQyEPg","a39B-BfbCipNkNH7vwCfug","BkqM_Ou82P3gn_PTxEN3pw","lG9YdIb-87LK21XnMKvzFg","hz18cj0wMLa5X9GVW-Un9A","7B-suS0RHxqxZBBfVfiPLA","w7v0_gmsAtZRmn6dL1Fqgw","5_cn7M-9swHrFbnqZtYGBQ","P6ZV903fV-rD9pYO7WM0Pw","SUktrYdNQD8k2vvkM4OpfA"
"CrIWqmuO2uQWwl3z11K_BA","lG9YdIb-87LK21XnMKvzFg","w7v0_gmsAtZRmn6dL1Fqgw","SUktrYdNQD8k2vvkM4OpfA","hz18cj0wMLa5X9GVW-Un9A","B9W60PTxn7XOZfk4BiTvyw","Z7r_FJXEyfyvVsyv2y7gFQ","SvxSoyZn0WW0c7bFLIYfMA","P6ZV903fV-rD9pYO7WM0Pw","MfJSKP5HRllfts13MiKs1g","xistlMeIIjG21z2SaWvfVQ"
"D6SCh4BwNb52wZIqXdS4JQ","dHkbBWmXXjaO_-9BgQyEPg","5_cn7M-9swHrFbnqZtYGBQ","hz18cj0wMLa5X9GVW-Un9A","7B-suS0RHxqxZBBfVfiPLA","MfJSKP5HRllfts13MiKs1g","gnqHyA6gY2-m9S-FKt6Xqw","Z7r_FJXEyfyvVsyv2y7gFQ","eJtmOfqwGj5sYKQrB01oWQ","hvPPw19VdGRsOEkxgyD7tg","4cPM1Hcj3UiN3fxyOsiR9w"
"DDm_333l9fHzlv7yfuF5dQ","aELkI0mfF1EbQo_m44vEKg","P6ZV903fV-rD9pYO7WM0Pw","B9W60PTxn7XOZfk4BiTvyw","NPpttQPnIbzezRMURx973g","kNtToQSP_Y5U8tznLXuCaw","-7PuYohz9dR80iGfVR_kLA","-A4suUjxa7gNaiUMDjO42g","-Jhlh8Scjy669NdtCfKSSg","-LfTBo0oa_uD454ScEW2XA","-S1BkxguVmi2G_O6Bcoabg"
"DjDcRTH09r1Yma6qd0om0Q","1YqkSk2xorNWPOoieIMApQ","Qc5zSg9lnsT4G37hxr53tQ","vsoEZauF4lrADIqCYXySFQ","ZxQlHVm0pj0ERqpwhEHc6w","bkh5o6bCzDCovSkRYBsU1w","tCCBl_sHPQsJg37g2fjRpA","-7PuYohz9dR80iGfVR_kLA","ECKXHrl2GqNKRMG9jp4trg","ly0oNXKOoSZyr0mzOsVJhg","njngMI0mhAGJ-kH0oo68Ow"
"DkwuiCqvSrqE8fUA4qJPBw","SUktrYdNQD8k2vvkM4OpfA","hz18cj0wMLa5X9GVW-Un9A","B9W60PTxn7XOZfk4BiTvyw","Z7r_FJXEyfyvVsyv2y7gFQ","e0prCZXtHGQIKeQ_wTW3uw","xistlMeIIjG21z2SaWvfVQ","_a6jhRFIgOe74U73T5B-Ww","mofOjB6flg-eAWOFbOkHfQ","zswdqM8Av3KxVv9o7_6ORA","Sp32-I-Ej0CBVJvFCghyPw"
"DysXlYb_WVlksoip8atIvQ","jK8PNNtv4RI6m-xd-tGjPQ","o9nGD3J0btXjE9M6IdgZTA","Kws-gPJjF4RxLxJE_2BjKQ","nf8cdI8ntEBHHklZq2uuJA","BKNPoWf3bQoxFWf-Kjt3wQ","ECKXHrl2GqNKRMG9jp4trg","Bfh_ON-LQUcJerjcDF5KNA","sYf2auhosrx8trbyP9nGyw","3B74iILT_W1ptfQeW7pIYQ","MQ-xcuUXXBYvrXzy7BmOFw"
"E6QAh8UPRo6Tlg6hkcWCHw","Qc5zSg9lnsT4G37hxr53tQ","lG9YdIb-87LK21XnMKvzFg","MfJSKP5HRllfts13MiKs1g","ECKXHrl2GqNKRMG9jp4trg","_a6jhRFIgOe74U73T5B-Ww","P6ZV903fV-rD9pYO7WM0Pw","SvxSoyZn0WW0c7bFLIYfMA","SgG5E7PUrCIsEMP0BVSlTg","hvPPw19VdGRsOEkxgyD7tg","u7jiuYiz-zVwsh0TGRHUIg"
"ECKXHrl2GqNKRMG9jp4trg","nf8cdI8ntEBHHklZq2uuJA","B9W60PTxn7XOZfk4BiTvyw","PyUzLJdol6u2sSxEmJK5Cg","Kws-gPJjF4RxLxJE_2BjKQ","a39B-BfbCipNkNH7vwCfug","hz18cj0wMLa5X9GVW-Un9A","E6QAh8UPRo6Tlg6hkcWCHw","OyBStpjF5e_iRCMXflFasQ","3G_bblT7MQIlXx8BBorILQ","0aA5l11oXes0aS6mkN5lMQ"
"EKQiKd7EMZjsa4JokFaeAg","kyXEnWKQGWSThY6EcjORuw","1YqkSk2xorNWPOoieIMApQ","-7PuYohz9dR80iGfVR_kLA","xE4WM5ZvtBkFnojFUTQfqg","5TPyzmhr3TKyWkPfzm01wA","Qc5zSg9lnsT4G37hxr53tQ","r_QcMIgY2zxdcV40kK_rxw","P6ZV903fV-rD9pYO7WM0Pw","7B-suS0RHxqxZBBfVfiPLA","PBmfdx-tC2D54FI3HtcKww"
"EYmj4QlhqgrsMXnLeGLu3Q","J2mmkwPiTQg3aCXP3afiJQ","BkqM_Ou82P3gn_PTxEN3pw","a39B-BfbCipNkNH7vwCfug","lG9YdIb-87LK21XnMKvzFg","7B-suS0RHxqxZBBfVfiPLA","hz18cj0wMLa5X9GVW-Un9A","Z7r_FJXEyfyvVsyv2y7gFQ","w7v0_gmsAtZRmn6dL1Fqgw","eJtmOfqwGj5sYKQrB01oWQ","5_cn7M-9swHrFbnqZtYGBQ"
"EZOoB2D8uQHV_gJoGCMTxQ","NpNSOfnPxJKa8_qh83NArw","ATEOnDYQCYSwCCH6hxenlQ","g_oOjzFgqmSEAD4crxBirA","2BEJCBkNzOBXaydBJf5k0A","5uvf3QpmrdU2aiqmF4278A","CObgcxFJuEXZZpm4Mw3z1A","tCCBl_sHPQsJg37g2fjRpA","FM-rxNJP7eSXZGwizEd-Dg","k6m3Msok7bto6biv5guEzg","ly0oNXKOoSZyr0mzOsVJhg"
"Epr8Ft7LwYAzotFwxQX6uw","BkqM_Ou82P3gn_PTxEN3pw","w7v0_gmsAtZRmn6dL1Fqgw","7B-suS0RHxqxZBBfVfiPLA","gnqHyA6gY2-m9S-FKt6Xqw","hz18cj0wMLa5X9GVW-Un9A","B9W60PTxn7XOZfk4BiTvyw","eJtmOfqwGj5sYKQrB01oWQ","SUktrYdNQD8k2vvkM4OpfA","3G_bblT7MQIlXx8BBorILQ","Z7r_FJXEyfyvVsyv2y7gFQ"
"F1qPjasn0R6-j8sa6iYNmA","dHkbBWmXXjaO_-9BgQyEPg","BkqM_Ou82P3gn_PTxEN3pw","J2mmkwPiTQg3aCXP3afiJQ","a39B-BfbCipNkNH7vwCfug","lG9YdIb-87LK21XnMKvzFg","gnqHyA6gY2-m9S-FKt6Xqw","5_cn7M-9swHrFbnqZtYGBQ","P6ZV903fV-rD9pYO7WM0Pw","w7v0_gmsAtZRmn6dL1Fqgw","SvxSoyZn0WW0c7bFLIYfMA"
"FM-rxNJP7eSXZGwizEd-Dg","ab-SN9sTNB29QzrgjgniUQ","nyI3q0CseFbPbTobHuzgkw","pBCI0MkVxoKixxIhZqRT4Q","PTQVaWA-I5ZLzwy5oBbVMg","UUsS7SrTQQ2AvvpslfrvFA","eJtmOfqwGj5sYKQrB01oWQ","gWZOW4-8N5dLixQAlp8iRg","xE4WM5ZvtBkFnojFUTQfqg","5TPyzmhr3TKyWkPfzm01wA","iO86eCaZJBHqi1sZ1ELk6A"
"Frbldz6phswVyMNvwherhA","m6nLTIrEJHtHSYJjVavnzw","O3zVw-VAcJi8ta4B6v5iAA","7B-suS0RHxqxZBBfVfiPLA","0-WocGTpO3Zm4q1Zzz49Rw","th4pZ5LkoIIkb1Vmu_m2DA","lWmDrnqgU6w3gFaJyn_1Uw","lG9YdIb-87LK21XnMKvzFg","JoHDOuZ1BnFi63PgC_zYeQ","S_9OaE_RBWBIXnUKvxJKsQ","gEJZ5USuvC1r8_QvSvDCNA"
"FsnwQwatA43aeGhJlxQ_Kg","hz18cj0wMLa5X9GVW-Un9A","P6ZV903fV-rD9pYO7WM0Pw","RAJUQvRLopFmIklzqaUYeA","Z7r_FJXEyfyvVsyv2y7gFQ","zswdqM8Av3KxVv9o7_6ORA","SvxSoyZn0WW0c7bFLIYfMA","VHsNB3pdGVcRgs6C3jt6Zg","ECKXHrl2GqNKRMG9jp4trg","vVdY2qDO7dkUrU8LXYZ1uA","C3d4HqDjWq9e_0cPfmPykg"
"Gvox18F9QxsSS9qG2O8E-A","J2mmkwPiTQg3aCXP3afiJQ","BkqM_Ou82P3gn_PTxEN3pw","a39B-BfbCipNkNH7vwCfug","lG9YdIb-87LK21XnMKvzFg","7B-suS0RHxqxZBBfVfiPLA","P6ZV903fV-rD9pYO7WM0Pw","5_cn7M-9swHrFbnqZtYGBQ","w7v0_gmsAtZRmn6dL1Fqgw","gnqHyA6gY2-m9S-FKt6Xqw","eJtmOfqwGj5sYKQrB01oWQ"
"HbK6IfznbVToEaKVC0WcSg","J2mmkwPiTQg3aCXP3afiJQ","dHkbBWmXXjaO_-9BgQyEPg","7B-suS0RHxqxZBBfVfiPLA","BkqM_Ou82P3gn_PTxEN3pw","5_cn7M-9swHrFbnqZtYGBQ","a39B-BfbCipNkNH7vwCfug","lG9YdIb-87LK21XnMKvzFg","SUktrYdNQD8k2vvkM4OpfA","P6ZV903fV-rD9pYO7WM0Pw","hz18cj0wMLa5X9GVW-Un9A"
"Hc5NrzzzL8RAnbcrIAvZug","t952QLgrh-5l1woJ4IFgUA","njngMI0mhAGJ-kH0oo68Ow","8ed4YmEWPr5nfau82-OtCA","Qc5zSg9lnsT4G37hxr53tQ","mklo4H47YWK7f18YXTCEoA","ZMcbVIEXsLO7j1Q1GXKPSw","tjflM9icU-y6xqNntOXtOQ","6o6XxnI8RWhnAVSdxqCJWQ","ECKXHrl2GqNKRMG9jp4trg","DjDcRTH09r1Yma6qd0om0Q"
"HvRWUE3yP3mY4mZiG6UtJg","J2mmkwPiTQg3aCXP3afiJQ","dHkbBWmXXjaO_-9BgQyEPg","BkqM_Ou82P3gn_PTxEN3pw","7B-suS0RHxqxZBBfVfiPLA","a39B-BfbCipNkNH7vwCfug","lG9YdIb-87LK21XnMKvzFg","P6ZV903fV-rD9pYO7WM0Pw","w7v0_gmsAtZRmn6dL1Fqgw","SUktrYdNQD8k2vvkM4OpfA","hz18cj0wMLa5X9GVW-Un9A"
"Icj9QzQxqvzOmPm_liAq1Q","zTGxLMOd9crAz0XNzqrcrA","-LfTBo0oa_uD454ScEW2XA","0tU2xdfTSfz-BwD4VhtVAQ","uGxZdLLgMQDvFSqiXyCg_w","ks6JgGsz7phkGEVh9hoHkg","tjflM9icU-y6xqNntOXtOQ","zp3rZNu-5qonTL3ByPYOUg","DjDcRTH09r1Yma6qd0om0Q","fTcqd-yameQpFg22hNFxsQ","24UHe1SZ4cgm6u6bU_L6xA"
"J2mmkwPiTQg3aCXP3afiJQ","S_9OaE_RBWBIXnUKvxJKsQ","wCB9mquz6W0ZuO5pPZXeDg","xWGn7oqLOZu_00H8pZOtsQ","NSzhahVpI_B32snhJHM0HA","qaS11gk1kIlrzCX1LYiZsw","dtKy808TwAgtOcwSCbXFJw","6d82R41sVNDVS0I-c1Ghkg","oD1PPb-TfMIkkg77u1zCAw","lWmDrnqgU6w3gFaJyn_1Uw","1qQ5VkxiBUjbGGdpBN-PUQ"
"JCnFvoh7lU8PF_Yhh8bgOw","dHkbBWmXXjaO_-9BgQyEPg","J2mmkwPiTQg3aCXP3afiJQ","7B-suS0RHxqxZBBfVfiPLA","a39B-BfbCipNkNH7vwCfug","lG9YdIb-87LK21XnMKvzFg","BkqM_Ou82P3gn_PTxEN3pw","w7v0_gmsAtZRmn6dL1Fqgw","5_cn7M-9swHrFbnqZtYGBQ","hz18cj0wMLa5X9GVW-Un9A","P6ZV903fV-rD9pYO7WM0Pw"
"JbWQtVLQDEOBlvbVWk2OFg","1YqkSk2xorNWPOoieIMApQ","-7PuYohz9dR80iGfVR_kLA","O1Sp0pDa8wmMfOC-FUGZFQ","dMP29gTLicNLWhATxP2Dxg","doEpdTg3l55-IWemTlG3tg","yiWYJnHngOJWuP_CFP6Itw","oK9mdYF8q0XSkhpKs8ChHg","5dCJy5oH6ZHqB_7cx76DhA","yRKrMWQxQaMeR18s5ajcYw","ZGIkQIh3KTLM1yOCNpvU5Q"
"JbnNk6do3aHF3Kr1bX4HzQ","HvRWUE3yP3mY4mZiG6UtJg","JCnFvoh7lU8PF_Yhh8bgOw","vqEtZ7CtNB9G8WMzjwJA2g","qaS11gk1kIlrzCX1LYiZsw","RQxLNvAra_MUUPHdhukilA","gEJZ5USuvC1r8_QvSvDCNA","d_Wm9CpzIo_0T-XLfq1UcA","8GUMO244E8CxfJcyJIWFOA","NEVA0IYbawceL6kz5v5DAw","-A4suUjxa7gNaiUMDjO42g"
"JoHDOuZ1BnFi63PgC_zYeQ","BkqM_Ou82P3gn_PTxEN3pw","5_cn7M-9swHrFbnqZtYGBQ","7B-suS0RHxqxZBBfVfiPLA","4cPM1Hcj3UiN3fxyOsiR9w","MfJSKP5HRllfts13MiKs1g","3G_bblT7MQIlXx8BBorILQ","eJtmOfqwGj5sYKQrB01oWQ","xistlMeIIjG21z2SaWvfVQ","5CSGxhesXkz2XNQB8AP6Kw","_a6jhRFIgOe74U73T5B-Ww"
"K2lscpx0S9wpqNz0s9AIwQ","dHkbBWmXXjaO_-9BgQyEPg","BkqM_Ou82P3gn_PTxEN3pw","J2mmkwPiTQg3aCXP3afiJQ","lG9YdIb-87LK21XnMKvzFg","a39B-BfbCipNkNH7vwCfug","7B-suS0RHxqxZBBfVfiPLA","hz18cj0wMLa5X9GVW-Un9A","Z7r_FJXEyfyvVsyv2y7gFQ","w7v0_gmsAtZRmn6dL1Fqgw","gnqHyA6gY2-m9S-FKt6Xqw"
"KGpsB2dsdkxl8SGVUlJbZw","vVdY2qDO7dkUrU8LXYZ1uA","uMHk2kudlAN94fFVNdYhxw","OrX0D6xwxmymxfzWRatT7Q","hvPPw19VdGRsOEkxgyD7tg","uGxZdLLgMQDvFSqiXyCg_w","O3zVw-VAcJi8ta4B6v5iAA","gnqHyA6gY2-m9S-FKt6Xqw","gEJZ5USuvC1r8_QvSvDCNA","u8C8pRvaHXg3PgDrsUHJHQ","m6nLTIrEJHtHSYJjVavnzw"
"Kws-gPJjF4RxLxJE_2BjKQ","ECKXHrl2GqNKRMG9jp4trg","hvPPw19VdGRsOEkxgyD7tg","5_cn7M-9swHrFbnqZtYGBQ","E6QAh8UPRo6Tlg6hkcWCHw","e0prCZXtHGQIKeQ_wTW3uw","K2lscpx0S9wpqNz0s9AIwQ","-A4suUjxa7gNaiUMDjO42g","-Jhlh8Scjy669NdtCfKSSg","MfJSKP5HRllfts13MiKs1g","OyBStpjF5e_iRCMXflFasQ"
"L2c-qKZWumCmOCR-dqBLrg","RAJUQvRLopFmIklzqaUYeA","xistlMeIIjG21z2SaWvfVQ","5CSGxhesXkz2XNQB8AP6Kw","Sp32-I-Ej0CBVJvFCghyPw","zswdqM8Av3KxVv9o7_6ORA","vVdY2qDO7dkUrU8LXYZ1uA","0aA5l11oXes0aS6mkN5lMQ","y2V42mxWvVoH4NvUT_n8eg","k6m3Msok7bto6biv5guEzg","ZMcbVIEXsLO7j1Q1GXKPSw"
"LwFlN4-f4cPHx6-gk8HlUw","Z7r_FJXEyfyvVsyv2y7gFQ","_a6jhRFIgOe74U73T5B-Ww","hP2DOm7E2H4P7MOS7XN_SQ","mZJdFjxvVddqPN5RZdKSHg","vVdY2qDO7dkUrU8LXYZ1uA","4cPM1Hcj3UiN3fxyOsiR9w","0FrYsoVHheQGoXEQsH2d2Q","5jXwI9WpDxGDmzmkmE0RTg","6o6XxnI8RWhnAVSdxqCJWQ","8GUMO244E8CxfJcyJIWFOA"
"LyGab6ITDEMDI5E0YcC0Ng","gnqHyA6gY2-m9S-FKt6Xqw","4cPM1Hcj3UiN3fxyOsiR9w","RAJUQvRLopFmIklzqaUYeA","eJtmOfqwGj5sYKQrB01oWQ","bkh5o6bCzDCovSkRYBsU1w","VHsNB3pdGVcRgs6C3jt6Zg","mofOjB6flg-eAWOFbOkHfQ","zswdqM8Av3KxVv9o7_6ORA","0aA5l11oXes0aS6mkN5lMQ","E6QAh8UPRo6Tlg6hkcWCHw"
"MA5R-mV6ljRM1MK6Mdiv5g","NpNSOfnPxJKa8_qh83NArw","b8iHKolCsC4ZTM8X9-L01A","8ed4YmEWPr5nfau82-OtCA","pBCI0MkVxoKixxIhZqRT4Q","S7TY9oCMqK-TffWrygetcw","hMgIF04rrJ7oB1lGIpFt5w","jK8PNNtv4RI6m-xd-tGjPQ","0Tiq09V_kdMFPa1cL6I0AA","EKQiKd7EMZjsa4JokFaeAg","aaJ-RaUdHyB4R3U4qNbRBA"
"MQ-xcuUXXBYvrXzy7BmOFw","u7jiuYiz-zVwsh0TGRHUIg","-S1BkxguVmi2G_O6Bcoabg","CObgcxFJuEXZZpm4Mw3z1A","Z7r_FJXEyfyvVsyv2y7gFQ","kyXEnWKQGWSThY6EcjORuw","SvxSoyZn0WW0c7bFLIYfMA","VHsNB3pdGVcRgs6C3jt6Zg","xE4WM5ZvtBkFnojFUTQfqg","6o6XxnI8RWhnAVSdxqCJWQ","0-WocGTpO3Zm4q1Zzz49Rw"
"MfJSKP5HRllfts13MiKs1g","xistlMeIIjG21z2SaWvfVQ","jKxES7iLV63H_PfyGVGIDw","BkqM_Ou82P3gn_PTxEN3pw","D6SCh4BwNb52wZIqXdS4JQ","qeJnMI5RmyJ2TZvkqvjn6Q","-Jhlh8Scjy669NdtCfKSSg","7B-suS0RHxqxZBBfVfiPLA","gEJZ5USuvC1r8_QvSvDCNA","wCB9mquz6W0ZuO5pPZXeDg","RQxLNvAra_MUUPHdhukilA"
"MqhxKfI7oMjUTMqH2gnhyg","s173l3ubdDLHeFIBO3ydrw","Pq_dAtQ4i1wkyWsEiFYrEA","qFwc6pD29qnTgd9tZDRYig","t952QLgrh-5l1woJ4IFgUA","EKQiKd7EMZjsa4JokFaeAg","OrX0D6xwxmymxfzWRatT7Q","kyXEnWKQGWSThY6EcjORuw","sYf2auhosrx8trbyP9nGyw","XvhCPxnxDvISSsTpiKuo4w","r_QcMIgY2zxdcV40kK_rxw"
"NEVA0IYbawceL6kz5v5DAw","J2mmkwPiTQg3aCXP3afiJQ","dHkbBWmXXjaO_-9BgQyEPg","a39B-BfbCipNkNH7vwCfug","5_cn7M-9swHrFbnqZtYGBQ","SUktrYdNQD8k2vvkM4OpfA","7B-suS0RHxqxZBBfVfiPLA","hz18cj0wMLa5X9GVW-Un9A","B9W60PTxn7XOZfk4BiTvyw","P6ZV903fV-rD9pYO7WM0Pw","3G_bblT7MQIlXx8BBorILQ"
"NPpttQPnIbzezRMURx973g","dHkbBWmXXjaO_-9BgQyEPg","7B-suS0RHxqxZBBfVfiPLA","gnqHyA6gY2-m9S-FKt6Xqw","4cPM1Hcj3UiN3fxyOsiR9w","e0prCZXtHGQIKeQ_wTW3uw","MfJSKP5HRllfts13MiKs1g","RAJUQvRLopFmIklzqaUYeA","_a6jhRFIgOe74U73T5B-Ww","Z7r_FJXEyfyvVsyv2y7gFQ","eJtmOfqwGj5sYKQrB01oWQ"
"NSzhahVpI_B32snhJHM0HA","J2mmkwPiTQg3aCXP3afiJQ","w7v0_gmsAtZRmn6dL1Fqgw","P6ZV903fV-rD9pYO7WM0Pw","SUktrYdNQD8k2vvkM4OpfA","hz18cj0wMLa5X9GVW-Un9A","eJtmOfqwGj5sYKQrB01oWQ","bkh5o6bCzDCovSkRYBsU1w","e0prCZXtHGQIKeQ_wTW3uw","3G_bblT7MQIlXx8BBorILQ","5CSGxhesXkz2XNQB8AP6Kw"
"NpNSOfnPxJKa8_qh83NArw","EZOoB2D8uQHV_gJoGCMTxQ","MA5R-mV6ljRM1MK6Mdiv5g","8ed4YmEWPr5nfau82-OtCA","ATEOnDYQCYSwCCH6hxenlQ","g_oOjzFgqmSEAD4crxBirA","tCCBl_sHPQsJg37g2fjRpA","aaJ-RaUdHyB4R3U4qNbRBA","xE4WM5ZvtBkFnojFUTQfqg","2BEJCBkNzOBXaydBJf5k0A","5uvf3QpmrdU2aiqmF4278A"
"O1Sp0pDa8wmMfOC-FUGZFQ","o9nGD3J0btXjE9M6IdgZTA","JbWQtVLQDEOBlvbVWk2OFg","9zGkU1ahmYCn3DlnKOXhqA","nplkC6vnh4qT9xH-vhup6w","nsSfCKW9KDB4COj9bzXApw","CKqHfvcqx73-Uz0xGMHL6Q","ECKXHrl2GqNKRMG9jp4trg","wsuzuLD3KV7L8oMinLCI0A","u7jiuYiz-zVwsh0TGRHUIg","0tU2xdfTSfz-BwD4VhtVAQ"
"O3zVw-VAcJi8ta4B6v5iAA","BkqM_Ou82P3gn_PTxEN3pw","a39B-BfbCipNkNH7vwCfug","lG9YdIb-87LK21XnMKvzFg","7B-suS0RHxqxZBBfVfiPLA","5_cn7M-9swHrFbnqZtYGBQ","eJtmOfqwGj5sYKQrB01oWQ","SUktrYdNQD8k2vvkM4OpfA","B9W60PTxn7XOZfk4BiTvyw","RAJUQvRLopFmIklzqaUYeA","gnqHyA6gY2-m9S-FKt6Xqw"
"O6vI8ti-3uYE15ooEthFiw","beBdNA6cEuDLvrhTi_EjKQ","5TPyzmhr3TKyWkPfzm01wA","u7jiuYiz-zVwsh0TGRHUIg","tQaIWc9qeiB1IU163LKlAw","PyUzLJdol6u2sSxEmJK5Cg","dKncjeWnvdqYiNC8l26fog","nf8cdI8ntEBHHklZq2uuJA","PBmfdx-tC2D54FI3HtcKww","CKqHfvcqx73-Uz0xGMHL6Q","ECKXHrl2GqNKRMG9jp4trg"
"ODURDhURWmZr6b--O4nt3w","dHkbBWmXXjaO_-9BgQyEPg","J2mmkwPiTQg3aCXP3afiJQ","7B-suS0RHxqxZBBfVfiPLA","a39B-BfbCipNkNH7vwCfug","lG9YdIb-87LK21XnMKvzFg","5_cn7M-9swHrFbnqZtYGBQ","SUktrYdNQD8k2vvkM4OpfA","hz18cj0wMLa5X9GVW-Un9A","P6ZV903fV-rD9pYO7WM0Pw","gnqHyA6gY2-m9S-FKt6Xqw"
"OS78OVr7cCIZ5eAFGHZzwg","QdganL5AW9E_fNoRVroLig","0aA5l11oXes0aS6mkN5lMQ","mofOjB6flg-eAWOFbOkHfQ","MfJSKP5HRllfts13MiKs1g","4cPM1Hcj3UiN3fxyOsiR9w","24UHe1SZ4cgm6u6bU_L6xA","wsuzuLD3KV7L8oMinLCI0A","B9W60PTxn7XOZfk4BiTvyw","a39B-BfbCipNkNH7vwCfug","3G_bblT7MQIlXx8BBorILQ"
"OrX0D6xwxmymxfzWRatT7Q","o9nGD3J0btXjE9M6IdgZTA","th4pZ5LkoIIkb1Vmu_m2DA","U8VXQaeog9wb_Y6hCkfitg","O3zVw-VAcJi8ta4B6v5iAA","NPpttQPnIbzezRMURx973g","KGpsB2dsdkxl8SGVUlJbZw","vqEtZ7CtNB9G8WMzjwJA2g","qaS11gk1kIlrzCX1LYiZsw","PmVxbit6HDDsEUS-j9aDfg","2pbOSrbB5AtQIa240AXNvQ"
"OyBStpjF5e_iRCMXflFasQ","ECKXHrl2GqNKRMG9jp4trg","ZxQlHVm0pj0ERqpwhEHc6w","Kws-gPJjF4RxLxJE_2BjKQ","3G_bblT7MQIlXx8BBorILQ","xistlMeIIjG21z2SaWvfVQ","PyUzLJdol6u2sSxEmJK5Cg","MfJSKP5HRllfts13MiKs1g","ZvSy8yaly9Aeh64Qm4Dsfw","mZJdFjxvVddqPN5RZdKSHg","0aA5l11oXes0aS6mkN5lMQ"
"P6ZV903fV-rD9pYO7WM0Pw","0FrYsoVHheQGoXEQsH2d2Q","hvPPw19VdGRsOEkxgyD7tg","NSzhahVpI_B32snhJHM0HA","RQxLNvAra_MUUPHdhukilA","9V4AGrJphOIw2RC1UoPPRw","R32Yh0XxxanldkIp11fuRg","lG9YdIb-87LK21XnMKvzFg","7B-suS0RHxqxZBBfVfiPLA","th4pZ5LkoIIkb1Vmu_m2DA","2pbOSrbB5AtQIa240AXNvQ"
"PBmfdx-tC2D54FI3HtcKww","hz18cj0wMLa5X9GVW-Un9A","RQxLNvAra_MUUPHdhukilA","8GUMO244E8CxfJcyJIWFOA","R32Yh0XxxanldkIp11fuRg","-A4suUjxa7gNaiUMDjO42g","XiJG_I82LssFbGDIMsHYvQ","CpNMXASiwtJv5eCDf0n63g","iLxG2Oo8HNSZFvJvba4W6g","F1qPjasn0R6-j8sa6iYNmA","vqEtZ7CtNB9G8WMzjwJA2g"
"PTQVaWA-I5ZLzwy5oBbVMg","C3d4HqDjWq9e_0cPfmPykg","SUktrYdNQD8k2vvkM4OpfA","O3zVw-VAcJi8ta4B6v5iAA","D6SCh4BwNb52wZIqXdS4JQ","lWmDrnqgU6w3gFaJyn_1Uw","gEJZ5USuvC1r8_QvSvDCNA","tqxS-gA5zhBvdI5lk7kDGg","J2mmkwPiTQg3aCXP3afiJQ","HvRWUE3yP3mY4mZiG6UtJg","m6nLTIrEJHtHSYJjVavnzw"
"PgMt7JtwUB-QUoRZAbwUng","XbHxWOciYlBhJOjKRQbo9g","OrX0D6xwxmymxfzWRatT7Q","vqEtZ7CtNB9G8WMzjwJA2g","mZJdFjxvVddqPN5RZdKSHg","NSzhahVpI_B32snhJHM0HA","JoHDOuZ1BnFi63PgC_zYeQ","PyUzLJdol6u2sSxEmJK5Cg","pMiz7SP82Tknv1NbVqoSfg","CpNMXASiwtJv5eCDf0n63g","CrIWqmuO2uQWwl3z11K_BA"
"Piw4Xr1wNyL4lgmwLZ2eTg","nyI3q0CseFbPbTobHuzgkw","ab-SN9sTNB29QzrgjgniUQ","eJtmOfqwGj5sYKQrB01oWQ","iO86eCaZJBHqi1sZ1ELk6A","PTQVaWA-I5ZLzwy5oBbVMg","VHsNB3pdGVcRgs6C3jt6Zg","UUsS7SrTQQ2AvvpslfrvFA","5jXwI9WpDxGDmzmkmE0RTg","gWZOW4-8N5dLixQAlp8iRg","6d82R41sVNDVS0I-c1Ghkg"
"PmVxbit6HDDsEUS-j9aDfg","BkqM_Ou82P3gn_PTxEN3pw","a39B-BfbCipNkNH7vwCfug","lG9YdIb-87LK21XnMKvzFg","5_cn7M-9swHrFbnqZtYGBQ","hz18cj0wMLa5X9GVW-Un9A","w7v0_gmsAtZRmn6dL1Fqgw","gnqHyA6gY2-m9S-FKt6Xqw","B9W60PTxn7XOZfk4BiTvyw","bkh5o6bCzDCovSkRYBsU1w","e0prCZXtHGQIKeQ_wTW3uw"
"Pq_dAtQ4i1wkyWsEiFYrEA","1YqkSk2xorNWPOoieIMApQ","-7PuYohz9dR80iGfVR_kLA","5TPyzmhr3TKyWkPfzm01wA","MqhxKfI7oMjUTMqH2gnhyg","kyXEnWKQGWSThY6EcjORuw","V8ZeUbrMJ_q4FTgh3Fp2Nw","9zGkU1ahmYCn3DlnKOXhqA","ATEOnDYQCYSwCCH6hxenlQ","E6QAh8UPRo6Tlg6hkcWCHw","g_oOjzFgqmSEAD4crxBirA"
"PyUzLJdol6u2sSxEmJK5Cg","ECKXHrl2GqNKRMG9jp4trg","mZJdFjxvVddqPN5RZdKSHg","XvhCPxnxDvISSsTpiKuo4w","nf8cdI8ntEBHHklZq2uuJA","xistlMeIIjG21z2SaWvfVQ","hz18cj0wMLa5X9GVW-Un9A","B9W60PTxn7XOZfk4BiTvyw","E6QAh8UPRo6Tlg6hkcWCHw","e0prCZXtHGQIKeQ_wTW3uw","OyBStpjF5e_iRCMXflFasQ"
"Qc5zSg9lnsT4G37hxr53tQ","E6QAh8UPRo6Tlg6hkcWCHw","bkh5o6bCzDCovSkRYBsU1w","eJtmOfqwGj5sYKQrB01oWQ","hvPPw19VdGRsOEkxgyD7tg","SvxSoyZn0WW0c7bFLIYfMA","gWZOW4-8N5dLixQAlp8iRg","5_cn7M-9swHrFbnqZtYGBQ","Kws-gPJjF4RxLxJE_2BjKQ","dHkbBWmXXjaO_-9BgQyEPg","D6SCh4BwNb52wZIqXdS4JQ"
"QdganL5AW9E_fNoRVroLig","OS78OVr7cCIZ5eAFGHZzwg","xistlMeIIjG21z2SaWvfVQ","e0prCZXtHGQIKeQ_wTW3uw","ECKXHrl2GqNKRMG9jp4trg","gnqHyA6gY2-m9S-FKt6Xqw","B9W60PTxn7XOZfk4BiTvyw","wCB9mquz6W0ZuO5pPZXeDg","w7v0_gmsAtZRmn6dL1Fqgw","BkqM_Ou82P3gn_PTxEN3pw","5CSGxhesXkz2XNQB8AP6Kw"
"R32Yh0XxxanldkIp11fuRg","dHkbBWmXXjaO_-9BgQyEPg","BkqM_Ou82P3gn_PTxEN3pw","a39B-BfbCipNkNH7vwCfug","lG9YdIb-87LK21XnMKvzFg","7B-suS0RHxqxZBBfVfiPLA","hz18cj0wMLa5X9GVW-Un9A","P6ZV903fV-rD9pYO7WM0Pw","5_cn7M-9swHrFbnqZtYGBQ","w7v0_gmsAtZRmn6dL1Fqgw","SvxSoyZn0WW0c7bFLIYfMA"
"RAJUQvRLopFmIklzqaUYeA","hP2DOm7E2H4P7MOS7XN_SQ","lG9YdIb-87LK21XnMKvzFg","bkh5o6bCzDCovSkRYBsU1w","NPpttQPnIbzezRMURx973g","S_9OaE_RBWBIXnUKvxJKsQ","LyGab6ITDEMDI5E0YcC0Ng","oD1PPb-TfMIkkg77u1zCAw","O3zVw-VAcJi8ta4B6v5iAA","-Jhlh8Scjy669NdtCfKSSg","0FrYsoVHheQGoXEQsH2d2Q"
"RQxLNvAra_MUUPHdhukilA","lG9YdIb-87LK21XnMKvzFg","hz18cj0wMLa5X9GVW-Un9A","SUktrYdNQD8k2vvkM4OpfA","P6ZV903fV-rD9pYO7WM0Pw","Z7r_FJXEyfyvVsyv2y7gFQ","B9W60PTxn7XOZfk4BiTvyw","MfJSKP5HRllfts13MiKs1g","_a6jhRFIgOe74U73T5B-Ww","SvxSoyZn0WW0c7bFLIYfMA","hvPPw19VdGRsOEkxgyD7tg"
"RnGG5bAz4nTPo_Ui99Kzbg","lG9YdIb-87LK21XnMKvzFg","5_cn7M-9swHrFbnqZtYGBQ","B9W60PTxn7XOZfk4BiTvyw","eJtmOfqwGj5sYKQrB01oWQ","SvxSoyZn0WW0c7bFLIYfMA","P6ZV903fV-rD9pYO7WM0Pw","RAJUQvRLopFmIklzqaUYeA","bkh5o6bCzDCovSkRYBsU1w","hvPPw19VdGRsOEkxgyD7tg","MfJSKP5HRllfts13MiKs1g"
"S7TY9oCMqK-TffWrygetcw","P6ZV903fV-rD9pYO7WM0Pw","nyI3q0CseFbPbTobHuzgkw","gWZOW4-8N5dLixQAlp8iRg","B2N_XO6fX0ILL9c50QuzHg","7B-suS0RHxqxZBBfVfiPLA","ab-SN9sTNB29QzrgjgniUQ","U8VXQaeog9wb_Y6hCkfitg","eJtmOfqwGj5sYKQrB01oWQ","6d82R41sVNDVS0I-c1Ghkg","SgG5E7PUrCIsEMP0BVSlTg"
"SUktrYdNQD8k2vvkM4OpfA","RQxLNvAra_MUUPHdhukilA","dtKy808TwAgtOcwSCbXFJw","5jXwI9WpDxGDmzmkmE0RTg","YERn2kltXVj9936i6T4Q8w","DkwuiCqvSrqE8fUA4qJPBw","5_cn7M-9swHrFbnqZtYGBQ","NEVA0IYbawceL6kz5v5DAw","l4x5FFzfiCFrGN0S-uZbBQ","-Jhlh8Scjy669NdtCfKSSg","dHkbBWmXXjaO_-9BgQyEPg"
"SViPlfsmwqvWNxZuVOgOMQ","jK8PNNtv4RI6m-xd-tGjPQ","uvVOuCbo4_5z_J5WJVG4QQ","4SGa5HFu7Q4rrsAAWJa-ew","xeN57OX3lJfY96nfEx63fg","nyI3q0CseFbPbTobHuzgkw","ab-SN9sTNB29QzrgjgniUQ","nf8cdI8ntEBHHklZq2uuJA","wsuzuLD3KV7L8oMinLCI0A","oK9mdYF8q0XSkhpKs8ChHg","o5Mofj5KJkYAMs_fhxftpg"
"S_9OaE_RBWBIXnUKvxJKsQ","J2mmkwPiTQg3aCXP3afiJQ","5_cn7M-9swHrFbnqZtYGBQ","4cPM1Hcj3UiN3fxyOsiR9w","RAJUQvRLopFmIklzqaUYeA","eJtmOfqwGj5sYKQrB01oWQ","e0prCZXtHGQIKeQ_wTW3uw","bkh5o6bCzDCovSkRYBsU1w","Sp32-I-Ej0CBVJvFCghyPw","_a6jhRFIgOe74U73T5B-Ww","zswdqM8Av3KxVv9o7_6ORA"
"SgG5E7PUrCIsEMP0BVSlTg","lG9YdIb-87LK21XnMKvzFg","5_cn7M-9swHrFbnqZtYGBQ","gnqHyA6gY2-m9S-FKt6Xqw","Z7r_FJXEyfyvVsyv2y7gFQ","eJtmOfqwGj5sYKQrB01oWQ","P6ZV903fV-rD9pYO7WM0Pw","SUktrYdNQD8k2vvkM4OpfA","B9W60PTxn7XOZfk4BiTvyw","4cPM1Hcj3UiN3fxyOsiR9w","MfJSKP5HRllfts13MiKs1g"
"Sp32-I-Ej0CBVJvFCghyPw","wCB9mquz6W0ZuO5pPZXeDg","0FrYsoVHheQGoXEQsH2d2Q","ZxQlHVm0pj0ERqpwhEHc6w","5CSGxhesXkz2XNQB8AP6Kw","oD1PPb-TfMIkkg77u1zCAw","D6SCh4BwNb52wZIqXdS4JQ","ECKXHrl2GqNKRMG9jp4trg","w7v0_gmsAtZRmn6dL1Fqgw","BkqM_Ou82P3gn_PTxEN3pw","NPpttQPnIbzezRMURx973g"
"SvxSoyZn0WW0c7bFLIYfMA","R32Yh0XxxanldkIp11fuRg","MfJSKP5HRllfts13MiKs1g","JCnFvoh7lU8PF_Yhh8bgOw","F1qPjasn0R6-j8sa6iYNmA","tqxS-gA5zhBvdI5lk7kDGg","gEJZ5USuvC1r8_QvSvDCNA","2pbOSrbB5AtQIa240AXNvQ","bkh5o6bCzDCovSkRYBsU1w","ZcR6MePiNSwL7DIHS6hGqQ","RQxLNvAra_MUUPHdhukilA"
"TEXUVhF-G_v2Sxwqti8HQA","dHkbBWmXXjaO_-9BgQyEPg","lG9YdIb-87LK21XnMKvzFg","BkqM_Ou82P3gn_PTxEN3pw","a39B-BfbCipNkNH7vwCfug","7B-suS0RHxqxZBBfVfiPLA","w7v0_gmsAtZRmn6dL1Fqgw","SUktrYdNQD8k2vvkM4OpfA","hz18cj0wMLa5X9GVW-Un9A","eJtmOfqwGj5sYKQrB01oWQ","Z7r_FJXEyfyvVsyv2y7gFQ"
"U8VXQaeog9wb_Y6hCkfitg","dHkbBWmXXjaO_-9BgQyEPg","J2mmkwPiTQg3aCXP3afiJQ","BkqM_Ou82P3gn_PTxEN3pw","7B-suS0RHxqxZBBfVfiPLA","a39B-BfbCipNkNH7vwCfug","lG9YdIb-87LK21XnMKvzFg","5_cn7M-9swHrFbnqZtYGBQ","hz18cj0wMLa5X9GVW-Un9A","Z7r_FJXEyfyvVsyv2y7gFQ","SUktrYdNQD8k2vvkM4OpfA"
"UUsS7SrTQQ2AvvpslfrvFA","SUktrYdNQD8k2vvkM4OpfA","C3d4HqDjWq9e_0cPfmPykg","D6SCh4BwNb52wZIqXdS4JQ","3G_bblT7MQIlXx8BBorILQ","ZxQlHVm0pj0ERqpwhEHc6w","uGxZdLLgMQDvFSqiXyCg_w","RQxLNvAra_MUUPHdhukilA","K2lscpx0S9wpqNz0s9AIwQ","0FrYsoVHheQGoXEQsH2d2Q","8GUMO244E8CxfJcyJIWFOA"
"V-_Kh0RtKcKdQ0ON4eVQ-Q","r_QcMIgY2zxdcV40kK_rxw","2BEJCBkNzOBXaydBJf5k0A","5uvf3QpmrdU2aiqmF4278A","BvARTl3t-aztQ9HPKc9xGQ","3B74iILT_W1ptfQeW7pIYQ","0Tiq09V_kdMFPa1cL6I0AA","5TPyzmhr3TKyWkPfzm01wA","7siEeRGqAJ730IkwAtcWAQ","iO86eCaZJBHqi1sZ1ELk6A","mofOjB6flg-eAWOFbOkHfQ"
"V8ZeUbrMJ_q4FTgh3Fp2Nw","ATEOnDYQCYSwCCH6hxenlQ","g_oOjzFgqmSEAD4crxBirA","Pq_dAtQ4i1wkyWsEiFYrEA","rNbAIbTn0zN8yNk0IV7dfQ","7AlULGZI1pHt0imODsqdkg","EKQiKd7EMZjsa4JokFaeAg","jeTfL2kCyBtmFGSrSQHqVw","RAJUQvRLopFmIklzqaUYeA","i_t8WTwztuHweRqQ89hmuQ","PTQVaWA-I5ZLzwy5oBbVMg"
"VHsNB3pdGVcRgs6C3jt6Zg","SUktrYdNQD8k2vvkM4OpfA","-A4suUjxa7gNaiUMDjO42g","oD1PPb-TfMIkkg77u1zCAw","iLxG2Oo8HNSZFvJvba4W6g","th4pZ5LkoIIkb1Vmu_m2DA","0FrYsoVHheQGoXEQsH2d2Q","gEJZ5USuvC1r8_QvSvDCNA","K2lscpx0S9wpqNz0s9AIwQ","d_Wm9CpzIo_0T-XLfq1UcA","8GUMO244E8CxfJcyJIWFOA"
"VIJ2KiDKhUVhhpNylEIfog","lG9YdIb-87LK21XnMKvzFg","w7v0_gmsAtZRmn6dL1Fqgw","eJtmOfqwGj5sYKQrB01oWQ","Sp32-I-Ej0CBVJvFCghyPw","5CSGxhesXkz2XNQB8AP6Kw","ZxQlHVm0pj0ERqpwhEHc6w","JbnNk6do3aHF3Kr1bX4HzQ","Kws-gPJjF4RxLxJE_2BjKQ","PTQVaWA-I5ZLzwy5oBbVMg","VSkNNLEGTwVCjXTqQ4rCrg"
"VSkNNLEGTwVCjXTqQ4rCrg","qaS11gk1kIlrzCX1LYiZsw","5jXwI9WpDxGDmzmkmE0RTg","TEXUVhF-G_v2Sxwqti8HQA","DkwuiCqvSrqE8fUA4qJPBw","9V4AGrJphOIw2RC1UoPPRw","RnGG5bAz4nTPo_Ui99Kzbg","SvxSoyZn0WW0c7bFLIYfMA","YERn2kltXVj9936i6T4Q8w","JCnFvoh7lU8PF_Yhh8bgOw","k441Clzdv9Ia4QZanEne3g"
"WDTzX_C2CbAwxBbqm-od6g","g_oOjzFgqmSEAD4crxBirA","dKncjeWnvdqYiNC8l26fog","aaJ-RaUdHyB4R3U4qNbRBA","c9PkUjunOI49r9oO4ZJcmQ","CObgcxFJuEXZZpm4Mw3z1A","SUktrYdNQD8k2vvkM4OpfA","XvhCPxnxDvISSsTpiKuo4w","LwFlN4-f4cPHx6-gk8HlUw","lG9YdIb-87LK21XnMKvzFg","Kws-gPJjF4RxLxJE_2BjKQ"
"X57f6FWZiwI1wOidPPhOrQ","a39B-BfbCipNkNH7vwCfug","BkqM_Ou82P3gn_PTxEN3pw","5_cn7M-9swHrFbnqZtYGBQ","w7v0_gmsAtZRmn6dL1Fqgw","hz18cj0wMLa5X9GVW-Un9A","gnqHyA6gY2-m9S-FKt6Xqw","e0prCZXtHGQIKeQ_wTW3uw","SUktrYdNQD8k2vvkM4OpfA","eJtmOfqwGj5sYKQrB01oWQ","_a6jhRFIgOe74U73T5B-Ww"
"XbHxWOciYlBhJOjKRQbo9g","J2mmkwPiTQg3aCXP3afiJQ","dHkbBWmXXjaO_-9BgQyEPg","lG9YdIb-87LK21XnMKvzFg","7B-suS0RHxqxZBBfVfiPLA","BkqM_Ou82P3gn_PTxEN3pw","a39B-BfbCipNkNH7vwCfug","SUktrYdNQD8k2vvkM4OpfA","w7v0_gmsAtZRmn6dL1Fqgw","5_cn7M-9swHrFbnqZtYGBQ","P6ZV903fV-rD9pYO7WM0Pw"
"XiJG_I82LssFbGDIMsHYvQ","dHkbBWmXXjaO_-9BgQyEPg","J2mmkwPiTQg3aCXP3afiJQ","a39B-BfbCipNkNH7vwCfug","7B-suS0RHxqxZBBfVfiPLA","BkqM_Ou82P3gn_PTxEN3pw","lG9YdIb-87LK21XnMKvzFg","w7v0_gmsAtZRmn6dL1Fqgw","gnqHyA6gY2-m9S-FKt6Xqw","P6ZV903fV-rD9pYO7WM0Pw","SUktrYdNQD8k2vvkM4OpfA"
"XvhCPxnxDvISSsTpiKuo4w","gWZOW4-8N5dLixQAlp8iRg","PyUzLJdol6u2sSxEmJK5Cg","vsoEZauF4lrADIqCYXySFQ","5CSGxhesXkz2XNQB8AP6Kw","wsuzuLD3KV7L8oMinLCI0A","bkh5o6bCzDCovSkRYBsU1w","SUktrYdNQD8k2vvkM4OpfA","beBdNA6cEuDLvrhTi_EjKQ","ECKXHrl2GqNKRMG9jp4trg","Z7r_FJXEyfyvVsyv2y7gFQ"
"YERn2kltXVj9936i6T4Q8w","dHkbBWmXXjaO_-9BgQyEPg","BkqM_Ou82P3gn_PTxEN3pw","J2mmkwPiTQg3aCXP3afiJQ","a39B-BfbCipNkNH7vwCfug","7B-suS0RHxqxZBBfVfiPLA","SUktrYdNQD8k2vvkM4OpfA","5_cn7M-9swHrFbnqZtYGBQ","hz18cj0wMLa5X9GVW-Un9A","_a6jhRFIgOe74U73T5B-Ww","w7v0_gmsAtZRmn6dL1Fqgw"
"Z7r_FJXEyfyvVsyv2y7gFQ","th4pZ5LkoIIkb1Vmu_m2DA","gEJZ5USuvC1r8_QvSvDCNA","SgG5E7PUrCIsEMP0BVSlTg","RQxLNvAra_MUUPHdhukilA","iLxG2Oo8HNSZFvJvba4W6g","EYmj4QlhqgrsMXnLeGLu3Q","B2N_XO6fX0ILL9c50QuzHg","1p6qHrapvuKpbZGLT9qskw","8GUMO244E8CxfJcyJIWFOA","2pbOSrbB5AtQIa240AXNvQ"
"ZGIkQIh3KTLM1yOCNpvU5Q","r_QcMIgY2zxdcV40kK_rxw","i_t8WTwztuHweRqQ89hmuQ","mofOjB6flg-eAWOFbOkHfQ","3B74iILT_W1ptfQeW7pIYQ","L2c-qKZWumCmOCR-dqBLrg","HbK6IfznbVToEaKVC0WcSg","0aA5l11oXes0aS6mkN5lMQ","NPpttQPnIbzezRMURx973g","hvPPw19VdGRsOEkxgyD7tg","U8VXQaeog9wb_Y6hCkfitg"
"ZMcbVIEXsLO7j1Q1GXKPSw","xistlMeIIjG21z2SaWvfVQ","ECKXHrl2GqNKRMG9jp4trg","e0prCZXtHGQIKeQ_wTW3uw","E6QAh8UPRo6Tlg6hkcWCHw","ZxQlHVm0pj0ERqpwhEHc6w","bkh5o6bCzDCovSkRYBsU1w","B9W60PTxn7XOZfk4BiTvyw","wCB9mquz6W0ZuO5pPZXeDg","dn9lwYUxmhs_mLKPu7L25Q","eJtmOfqwGj5sYKQrB01oWQ"
"ZPREnm3Du71PYwtDuBJryQ","gWZOW4-8N5dLixQAlp8iRg","giiWXI4DcXIdvoGmeIOeEQ","i1YpfdZTpLj8TrKm9HlCig","-LfTBo0oa_uD454ScEW2XA","24UHe1SZ4cgm6u6bU_L6xA","CObgcxFJuEXZZpm4Mw3z1A","MQ-xcuUXXBYvrXzy7BmOFw","SvxSoyZn0WW0c7bFLIYfMA","jeTfL2kCyBtmFGSrSQHqVw","pFvyOYi1O5umrbzGVYSYKg"
"ZcR6MePiNSwL7DIHS6hGqQ","dHkbBWmXXjaO_-9BgQyEPg","a39B-BfbCipNkNH7vwCfug","7B-suS0RHxqxZBBfVfiPLA","lG9YdIb-87LK21XnMKvzFg","w7v0_gmsAtZRmn6dL1Fqgw","5_cn7M-9swHrFbnqZtYGBQ","hz18cj0wMLa5X9GVW-Un9A","SUktrYdNQD8k2vvkM4OpfA","Z7r_FJXEyfyvVsyv2y7gFQ","gnqHyA6gY2-m9S-FKt6Xqw"
"ZvSy8yaly9Aeh64Qm4Dsfw","B9W60PTxn7XOZfk4BiTvyw","ECKXHrl2GqNKRMG9jp4trg","3G_bblT7MQIlXx8BBorILQ","5CSGxhesXkz2XNQB8AP6Kw","BkqM_Ou82P3gn_PTxEN3pw","E6QAh8UPRo6Tlg6hkcWCHw","gnqHyA6gY2-m9S-FKt6Xqw","ZxQlHVm0pj0ERqpwhEHc6w","OyBStpjF5e_iRCMXflFasQ","w7v0_gmsAtZRmn6dL1Fqgw"
"ZxQlHVm0pj0ERqpwhEHc6w","w7v0_gmsAtZRmn6dL1Fqgw","24UHe1SZ4cgm6u6bU_L6xA","lG9YdIb-87LK21XnMKvzFg","BkqM_Ou82P3gn_PTxEN3pw","OyBStpjF5e_iRCMXflFasQ","Sp32-I-Ej0CBVJvFCghyPw","e0prCZXtHGQIKeQ_wTW3uw","SUktrYdNQD8k2vvkM4OpfA","Z7r_FJXEyfyvVsyv2y7gFQ","oD1PPb-TfMIkkg77u1zCAw"
"ZyOgY-z9sHdHp8_FDoQAJg","dHkbBWmXXjaO_-9BgQyEPg","J2mmkwPiTQg3aCXP3afiJQ","BkqM_Ou82P3gn_PTxEN3pw","a39B-BfbCipNkNH7vwCfug","gnqHyA6gY2-m9S-FKt6Xqw","lG9YdIb-87LK21XnMKvzFg","w7v0_gmsAtZRmn6dL1Fqgw","5_cn7M-9swHrFbnqZtYGBQ","P6ZV903fV-rD9pYO7WM0Pw","B9W60PTxn7XOZfk4BiTvyw"
"_a6jhRFIgOe74U73T5B-Ww","gEJZ5USuvC1r8_QvSvDCNA","YERn2kltXVj9936i6T4Q8w","k441Clzdv9Ia4QZanEne3g","BkqM_Ou82P3gn_PTxEN3pw","8GUMO244E8CxfJcyJIWFOA","K2lscpx0S9wpqNz0s9AIwQ","ZcR6MePiNSwL7DIHS6hGqQ","-A4suUjxa7gNaiUMDjO42g","RQxLNvAra_MUUPHdhukilA","R32Yh0XxxanldkIp11fuRg"
"_n5wggIEfBzCUepjgvHXAQ","Kws-gPJjF4RxLxJE_2BjKQ","aaJ-RaUdHyB4R3U4qNbRBA","B9W60PTxn7XOZfk4BiTvyw","jeTfL2kCyBtmFGSrSQHqVw","kUICYu0N_TbtCz0Z8ynPFw","ZMcbVIEXsLO7j1Q1GXKPSw","ECKXHrl2GqNKRMG9jp4trg","6o6XxnI8RWhnAVSdxqCJWQ","0FrYsoVHheQGoXEQsH2d2Q","wCB9mquz6W0ZuO5pPZXeDg"
"a39B-BfbCipNkNH7vwCfug","g5Lv61xQ_lTD2dU9QIJfeg","m6nLTIrEJHtHSYJjVavnzw","th4pZ5LkoIIkb1Vmu_m2DA","X57f6FWZiwI1wOidPPhOrQ","2pbOSrbB5AtQIa240AXNvQ","NEVA0IYbawceL6kz5v5DAw","9V4AGrJphOIw2RC1UoPPRw","CpNMXASiwtJv5eCDf0n63g","k441Clzdv9Ia4QZanEne3g","ZcR6MePiNSwL7DIHS6hGqQ"
"aELkI0mfF1EbQo_m44vEKg","kyXEnWKQGWSThY6EcjORuw","SvxSoyZn0WW0c7bFLIYfMA","vqEtZ7CtNB9G8WMzjwJA2g","eJtmOfqwGj5sYKQrB01oWQ","nsSfCKW9KDB4COj9bzXApw","gnqHyA6gY2-m9S-FKt6Xqw","uGxZdLLgMQDvFSqiXyCg_w","Z7r_FJXEyfyvVsyv2y7gFQ","JCnFvoh7lU8PF_Yhh8bgOw","ab-SN9sTNB29QzrgjgniUQ"
"aaJ-RaUdHyB4R3U4qNbRBA","WDTzX_C2CbAwxBbqm-od6g","_n5wggIEfBzCUepjgvHXAQ","xeN57OX3lJfY96nfEx63fg","ks6JgGsz7phkGEVh9hoHkg","fTcqd-yameQpFg22hNFxsQ","E6QAh8UPRo6Tlg6hkcWCHw","7siEeRGqAJ730IkwAtcWAQ","i1YpfdZTpLj8TrKm9HlCig","mZJdFjxvVddqPN5RZdKSHg","PyUzLJdol6u2sSxEmJK5Cg"
"ab-SN9sTNB29QzrgjgniUQ","FM-rxNJP7eSXZGwizEd-Dg","wgImSrYc5LOcFaMcbOuxkg","Piw4Xr1wNyL4lgmwLZ2eTg","k6m3Msok7bto6biv5guEzg","uGxZdLLgMQDvFSqiXyCg_w","S7TY9oCMqK-TffWrygetcw","iO86eCaZJBHqi1sZ1ELk6A","e0prCZXtHGQIKeQ_wTW3uw","nf8cdI8ntEBHHklZq2uuJA","ZMcbVIEXsLO7j1Q1GXKPSw"
"abA0s0uxoeOn7zNm-1dDxw","0tU2xdfTSfz-BwD4VhtVAQ","ZxQlHVm0pj0ERqpwhEHc6w","uGxZdLLgMQDvFSqiXyCg_w","fTcqd-yameQpFg22hNFxsQ","Z7r_FJXEyfyvVsyv2y7gFQ","-LfTBo0oa_uD454ScEW2XA","E6QAh8UPRo6Tlg6hkcWCHw","mZJdFjxvVddqPN5RZdKSHg","PTQVaWA-I5ZLzwy5oBbVMg","VHsNB3pdGVcRgs6C3jt6Zg"
"b8iHKolCsC4ZTM8X9-L01A","MA5R-mV6ljRM1MK6Mdiv5g","gWZOW4-8N5dLixQAlp8iRg","jK8PNNtv4RI6m-xd-tGjPQ","0Tiq09V_kdMFPa1cL6I0AA","EKQiKd7EMZjsa4JokFaeAg","t0HT9od2xZ0Fc5a0PFB2BQ","xE4WM5ZvtBkFnojFUTQfqg","5uvf3QpmrdU2aiqmF4278A","kUICYu0N_TbtCz0Z8ynPFw","4SGa5HFu7Q4rrsAAWJa-ew"
"beBdNA6cEuDLvrhTi_EjKQ","uGxZdLLgMQDvFSqiXyCg_w","ECKXHrl2GqNKRMG9jp4trg","mklo4H47YWK7f18YXTCEoA","XvhCPxnxDvISSsTpiKuo4w","PBmfdx-tC2D54FI3HtcKww","bkh5o6bCzDCovSkRYBsU1w","E6QAh8UPRo6Tlg6hkcWCHw","nf8cdI8ntEBHHklZq2uuJA","ZxQlHVm0pj0ERqpwhEHc6w","O6vI8ti-3uYE15ooEthFiw"
"bkh5o6bCzDCovSkRYBsU1w","RAJUQvRLopFmIklzqaUYeA","Qc5zSg9lnsT4G37hxr53tQ","SvxSoyZn0WW0c7bFLIYfMA","MfJSKP5HRllfts13MiKs1g","gEJZ5USuvC1r8_QvSvDCNA","2pbOSrbB5AtQIa240AXNvQ","0FrYsoVHheQGoXEQsH2d2Q","m6nLTIrEJHtHSYJjVavnzw","kNtToQSP_Y5U8tznLXuCaw","ZcR6MePiNSwL7DIHS6hGqQ"
"boIILzBqhjWhq4G0BsB5_A","7B-suS0RHxqxZBBfVfiPLA","gnqHyA6gY2-m9S-FKt6Xqw","SUktrYdNQD8k2vvkM4OpfA","xistlMeIIjG21z2SaWvfVQ","B9W60PTxn7XOZfk4BiTvyw","eJtmOfqwGj5sYKQrB01oWQ","3G_bblT7MQIlXx8BBorILQ","hvPPw19VdGRsOEkxgyD7tg","_a6jhRFIgOe74U73T5B-Ww","zswdqM8Av3KxVv9o7_6ORA"
"c2uAqJ2REpLMCZO2jxdi9w","CObgcxFJuEXZZpm4Mw3z1A","i_t8WTwztuHweRqQ89hmuQ","o9nGD3J0btXjE9M6IdgZTA","nplkC6vnh4qT9xH-vhup6w","nsSfCKW9KDB4COj9bzXApw","4hWDMVtfnpyY72_5QMbthA","0tU2xdfTSfz-BwD4VhtVAQ","PgMt7JtwUB-QUoRZAbwUng","UUsS7SrTQQ2AvvpslfrvFA","y2V42mxWvVoH4NvUT_n8eg"
"c9PkUjunOI49r9oO4ZJcmQ","WDTzX_C2CbAwxBbqm-od6g","aaJ-RaUdHyB4R3U4qNbRBA","yE4k_CM9L0yPVVozyELfSQ","3B74iILT_W1ptfQeW7pIYQ","CObgcxFJuEXZZpm4Mw3z1A","4SGa5HFu7Q4rrsAAWJa-ew","xeN57OX3lJfY96nfEx63fg","njngMI0mhAGJ-kH0oo68Ow","Qc5zSg9lnsT4G37hxr53tQ","c2uAqJ2REpLMCZO2jxdi9w"
"dHkbBWmXXjaO_-9BgQyEPg","l4x5FFzfiCFrGN0S-uZbBQ","B2N_XO6fX0ILL9c50QuzHg","9V4AGrJphOIw2RC1UoPPRw","0FrYsoVHheQGoXEQsH2d2Q","ZyOgY-z9sHdHp8_FDoQAJg","D6SCh4BwNb52wZIqXdS4JQ","NPpttQPnIbzezRMURx973g","F1qPjasn0R6-j8sa6iYNmA","CpNMXASiwtJv5eCDf0n63g","gEJZ5USuvC1r8_QvSvDCNA"
"dIZcPB3CtNjMn4O_p8QFxw","w7v0_gmsAtZRmn6dL1Fqgw","eJtmOfqwGj5sYKQrB01oWQ","B9W60PTxn7XOZfk4BiTvyw","hz18cj0wMLa5X9GVW-Un9A","Z7r_FJXEyfyvVsyv2y7gFQ","4cPM1Hcj3UiN3fxyOsiR9w","3G_bblT7MQIlXx8BBorILQ","xistlMeIIjG21z2SaWvfVQ","_a6jhRFIgOe74U73T5B-Ww","mofOjB6flg-eAWOFbOkHfQ"
"dKncjeWnvdqYiNC8l26fog","-XH3-e3jDVdjHJq7GfNY7w","WDTzX_C2CbAwxBbqm-od6g","hMgIF04rrJ7oB1lGIpFt5w","tjflM9icU-y6xqNntOXtOQ","7AlULGZI1pHt0imODsqdkg","gWZOW4-8N5dLixQAlp8iRg","fTcqd-yameQpFg22hNFxsQ","u7jiuYiz-zVwsh0TGRHUIg","7siEeRGqAJ730IkwAtcWAQ","O6vI8ti-3uYE15ooEthFiw"
"d_Wm9CpzIo_0T-XLfq1UcA","dHkbBWmXXjaO_-9BgQyEPg","BkqM_Ou82P3gn_PTxEN3pw","J2mmkwPiTQg3aCXP3afiJQ","7B-suS0RHxqxZBBfVfiPLA","a39B-BfbCipNkNH7vwCfug","hz18cj0wMLa5X9GVW-Un9A","lG9YdIb-87LK21XnMKvzFg","5_cn7M-9swHrFbnqZtYGBQ","w7v0_gmsAtZRmn6dL1Fqgw","gnqHyA6gY2-m9S-FKt6Xqw"
"dn9lwYUxmhs_mLKPu7L25Q","w7v0_gmsAtZRmn6dL1Fqgw","hz18cj0wMLa5X9GVW-Un9A","3G_bblT7MQIlXx8BBorILQ","Z7r_FJXEyfyvVsyv2y7gFQ","_a6jhRFIgOe74U73T5B-Ww","mofOjB6flg-eAWOFbOkHfQ","0aA5l11oXes0aS6mkN5lMQ","Kws-gPJjF4RxLxJE_2BjKQ","vVdY2qDO7dkUrU8LXYZ1uA","ZxQlHVm0pj0ERqpwhEHc6w"
"dtKy808TwAgtOcwSCbXFJw","J2mmkwPiTQg3aCXP3afiJQ","7B-suS0RHxqxZBBfVfiPLA","SUktrYdNQD8k2vvkM4OpfA","hz18cj0wMLa5X9GVW-Un9A","xistlMeIIjG21z2SaWvfVQ","P6ZV903fV-rD9pYO7WM0Pw","e0prCZXtHGQIKeQ_wTW3uw","eJtmOfqwGj5sYKQrB01oWQ","RAJUQvRLopFmIklzqaUYeA","Z7r_FJXEyfyvVsyv2y7gFQ"
"e0prCZXtHGQIKeQ_wTW3uw","a39B-BfbCipNkNH7vwCfug","1qQ5VkxiBUjbGGdpBN-PUQ","0aA5l11oXes0aS6mkN5lMQ","wCB9mquz6W0ZuO5pPZXeDg","th4pZ5LkoIIkb1Vmu_m2DA","NPpttQPnIbzezRMURx973g","dHkbBWmXXjaO_-9BgQyEPg","CpNMXASiwtJv5eCDf0n63g","w7v0_gmsAtZRmn6dL1Fqgw","dtKy808TwAgtOcwSCbXFJw"
"eJtmOfqwGj5sYKQrB01oWQ","dIZcPB3CtNjMn4O_p8QFxw","SgG5E7PUrCIsEMP0BVSlTg","g5Lv61xQ_lTD2dU9QIJfeg","RnGG5bAz4nTPo_Ui99Kzbg","Epr8Ft7LwYAzotFwxQX6uw","Gvox18F9QxsSS9qG2O8E-A","5jXwI9WpDxGDmzmkmE0RTg","EYmj4QlhqgrsMXnLeGLu3Q","SUktrYdNQD8k2vvkM4OpfA","1p6qHrapvuKpbZGLT9qskw"
"fTcqd-yameQpFg22hNFxsQ","7siEeRGqAJ730IkwAtcWAQ","mZJdFjxvVddqPN5RZdKSHg","zTGxLMOd9crAz0XNzqrcrA","abA0s0uxoeOn7zNm-1dDxw","dKncjeWnvdqYiNC8l26fog","ZvSy8yaly9Aeh64Qm4Dsfw","tCCBl_sHPQsJg37g2fjRpA","ks6JgGsz7phkGEVh9hoHkg","ly0oNXKOoSZyr0mzOsVJhg","0tU2xdfTSfz-BwD4VhtVAQ"
"g5Lv61xQ_lTD2dU9QIJfeg","a39B-BfbCipNkNH7vwCfug","5_cn7M-9swHrFbnqZtYGBQ","gnqHyA6gY2-m9S-FKt6Xqw","eJtmOfqwGj5sYKQrB01oWQ","B9W60PTxn7XOZfk4BiTvyw","3G_bblT7MQIlXx8BBorILQ","P6ZV903fV-rD9pYO7WM0Pw","SvxSoyZn0WW0c7bFLIYfMA","e0prCZXtHGQIKeQ_wTW3uw","MfJSKP5HRllfts13MiKs1g"
"gEJZ5USuvC1r8_QvSvDCNA","dHkbBWmXXjaO_-9BgQyEPg","BkqM_Ou82P3gn_PTxEN3pw","lG9YdIb-87LK21XnMKvzFg","7B-suS0RHxqxZBBfVfiPLA","a39B-BfbCipNkNH7vwCfug","w7v0_gmsAtZRmn6dL1Fqgw","Z7r_FJXEyfyvVsyv2y7gFQ","hz18cj0wMLa5X9GVW-Un9A","_a6jhRFIgOe74U73T5B-Ww","MfJSKP5HRllfts13MiKs1g"
"gWZOW4-8N5dLixQAlp8iRg","XvhCPxnxDvISSsTpiKuo4w","E6QAh8UPRo6Tlg6hkcWCHw","Qc5zSg9lnsT4G37hxr53tQ","k6m3Msok7bto6biv5guEzg","PyUzLJdol6u2sSxEmJK5Cg","_a6jhRFIgOe74U73T5B-Ww","SvxSoyZn0WW0c7bFLIYfMA","wgImSrYc5LOcFaMcbOuxkg","d_Wm9CpzIo_0T-XLfq1UcA","S7TY9oCMqK-TffWrygetcw"
"g_oOjzFgqmSEAD4crxBirA","ATEOnDYQCYSwCCH6hxenlQ","WDTzX_C2CbAwxBbqm-od6g","NpNSOfnPxJKa8_qh83NArw","rNbAIbTn0zN8yNk0IV7dfQ","EZOoB2D8uQHV_gJoGCMTxQ","V8ZeUbrMJ_q4FTgh3Fp2Nw","Pq_dAtQ4i1wkyWsEiFYrEA","r_QcMIgY2zxdcV40kK_rxw","tjflM9icU-y6xqNntOXtOQ","EKQiKd7EMZjsa4JokFaeAg"
"gnqHyA6gY2-m9S-FKt6Xqw","1qQ5VkxiBUjbGGdpBN-PUQ","SgG5E7PUrCIsEMP0BVSlTg","g5Lv61xQ_lTD2dU9QIJfeg","th4pZ5LkoIIkb1Vmu_m2DA","boIILzBqhjWhq4G0BsB5_A","NPpttQPnIbzezRMURx973g","0FrYsoVHheQGoXEQsH2d2Q","hP2DOm7E2H4P7MOS7XN_SQ","Epr8Ft7LwYAzotFwxQX6uw","kNtToQSP_Y5U8tznLXuCaw"
"hMgIF04rrJ7oB1lGIpFt5w","dKncjeWnvdqYiNC8l26fog","MA5R-mV6ljRM1MK6Mdiv5g","nyI3q0CseFbPbTobHuzgkw","0tU2xdfTSfz-BwD4VhtVAQ","uGxZdLLgMQDvFSqiXyCg_w","nsSfCKW9KDB4COj9bzXApw","ab-SN9sTNB29QzrgjgniUQ","ZxQlHVm0pj0ERqpwhEHc6w","-XH3-e3jDVdjHJq7GfNY7w","WDTzX_C2CbAwxBbqm-od6g"
"hP2DOm7E2H4P7MOS7XN_SQ","7B-suS0RHxqxZBBfVfiPLA","5_cn7M-9swHrFbnqZtYGBQ","gnqHyA6gY2-m9S-FKt6Xqw","B9W60PTxn7XOZfk4BiTvyw","RAJUQvRLopFmIklzqaUYeA","_a6jhRFIgOe74U73T5B-Ww","5CSGxhesXkz2XNQB8AP6Kw","4cPM1Hcj3UiN3fxyOsiR9w","MfJSKP5HRllfts13MiKs1g","xistlMeIIjG21z2SaWvfVQ"
"hvPPw19VdGRsOEkxgyD7tg","P6ZV903fV-rD9pYO7WM0Pw","dHkbBWmXXjaO_-9BgQyEPg","0FrYsoVHheQGoXEQsH2d2Q","xistlMeIIjG21z2SaWvfVQ","MfJSKP5HRllfts13MiKs1g","D6SCh4BwNb52wZIqXdS4JQ","RQxLNvAra_MUUPHdhukilA","e0prCZXtHGQIKeQ_wTW3uw","wCB9mquz6W0ZuO5pPZXeDg","NPpttQPnIbzezRMURx973g"
"hxlfoblUAzNSOszKlyaV6g","o9nGD3J0btXjE9M6IdgZTA","nsSfCKW9KDB4COj9bzXApw","PgMt7JtwUB-QUoRZAbwUng","CObgcxFJuEXZZpm4Mw3z1A","S7TY9oCMqK-TffWrygetcw","KGpsB2dsdkxl8SGVUlJbZw","0tU2xdfTSfz-BwD4VhtVAQ","MA5R-mV6ljRM1MK6Mdiv5g","HvRWUE3yP3mY4mZiG6UtJg","qaS11gk1kIlrzCX1LYiZsw"
"hz18cj0wMLa5X9GVW-Un9A","RQxLNvAra_MUUPHdhukilA","th4pZ5LkoIIkb1Vmu_m2DA","2pbOSrbB5AtQIa240AXNvQ","D6SCh4BwNb52wZIqXdS4JQ","CpNMXASiwtJv5eCDf0n63g","dtKy808TwAgtOcwSCbXFJw","d_Wm9CpzIo_0T-XLfq1UcA","R32Yh0XxxanldkIp11fuRg","FsnwQwatA43aeGhJlxQ_Kg","iLxG2Oo8HNSZFvJvba4W6g"
"i1YpfdZTpLj8TrKm9HlCig","gWZOW4-8N5dLixQAlp8iRg","Qc5zSg9lnsT4G37hxr53tQ","E6QAh8UPRo6Tlg6hkcWCHw","BkqM_Ou82P3gn_PTxEN3pw","PBmfdx-tC2D54FI3HtcKww","J2mmkwPiTQg3aCXP3afiJQ","5_cn7M-9swHrFbnqZtYGBQ","ZPREnm3Du71PYwtDuBJryQ","e0prCZXtHGQIKeQ_wTW3uw","a39B-BfbCipNkNH7vwCfug"
"iLxG2Oo8HNSZFvJvba4W6g","dHkbBWmXXjaO_-9BgQyEPg","BkqM_Ou82P3gn_PTxEN3pw","J2mmkwPiTQg3aCXP3afiJQ","a39B-BfbCipNkNH7vwCfug","lG9YdIb-87LK21XnMKvzFg","7B-suS0RHxqxZBBfVfiPLA","hz18cj0wMLa5X9GVW-Un9A","5_cn7M-9swHrFbnqZtYGBQ","Z7r_FJXEyfyvVsyv2y7gFQ","w7v0_gmsAtZRmn6dL1Fqgw"
"iO86eCaZJBHqi1sZ1ELk6A","ab-SN9sTNB29QzrgjgniUQ","wgImSrYc5LOcFaMcbOuxkg","Piw4Xr1wNyL4lgmwLZ2eTg","3B74iILT_W1ptfQeW7pIYQ","VHsNB3pdGVcRgs6C3jt6Zg","ATEOnDYQCYSwCCH6hxenlQ","eJtmOfqwGj5sYKQrB01oWQ","FM-rxNJP7eSXZGwizEd-Dg","nyI3q0CseFbPbTobHuzgkw","7B-suS0RHxqxZBBfVfiPLA"
"i_t8WTwztuHweRqQ89hmuQ","yiWYJnHngOJWuP_CFP6Itw","-7PuYohz9dR80iGfVR_kLA","ZGIkQIh3KTLM1yOCNpvU5Q","5dCJy5oH6ZHqB_7cx76DhA","oK9mdYF8q0XSkhpKs8ChHg","yRKrMWQxQaMeR18s5ajcYw","u7jiuYiz-zVwsh0TGRHUIg","e0prCZXtHGQIKeQ_wTW3uw","5TPyzmhr3TKyWkPfzm01wA","c2uAqJ2REpLMCZO2jxdi9w"
"jK8PNNtv4RI6m-xd-tGjPQ","SViPlfsmwqvWNxZuVOgOMQ","wsuzuLD3KV7L8oMinLCI0A","beBdNA6cEuDLvrhTi_EjKQ","uGxZdLLgMQDvFSqiXyCg_w","DysXlYb_WVlksoip8atIvQ","tQaIWc9qeiB1IU163LKlAw","UUsS7SrTQQ2AvvpslfrvFA","kyXEnWKQGWSThY6EcjORuw","yE4k_CM9L0yPVVozyELfSQ","m8qGdllgcUSqZmcryQWM9A"
"jKxES7iLV63H_PfyGVGIDw","MfJSKP5HRllfts13MiKs1g","4cPM1Hcj3UiN3fxyOsiR9w","P6ZV903fV-rD9pYO7WM0Pw","Z7r_FJXEyfyvVsyv2y7gFQ","SvxSoyZn0WW0c7bFLIYfMA","hvPPw19VdGRsOEkxgyD7tg","_a6jhRFIgOe74U73T5B-Ww","0aA5l11oXes0aS6mkN5lMQ","VHsNB3pdGVcRgs6C3jt6Zg","zswdqM8Av3KxVv9o7_6ORA"
"jeTfL2kCyBtmFGSrSQHqVw","E6QAh8UPRo6Tlg6hkcWCHw","ECKXHrl2GqNKRMG9jp4trg","hvPPw19VdGRsOEkxgyD7tg","Kws-gPJjF4RxLxJE_2BjKQ","0-WocGTpO3Zm4q1Zzz49Rw","m8qGdllgcUSqZmcryQWM9A","5_cn7M-9swHrFbnqZtYGBQ","PBmfdx-tC2D54FI3HtcKww","24UHe1SZ4cgm6u6bU_L6xA","BvARTl3t-aztQ9HPKc9xGQ"
"k441Clzdv9Ia4QZanEne3g","dHkbBWmXXjaO_-9BgQyEPg","BkqM_Ou82P3gn_PTxEN3pw","a39B-BfbCipNkNH7vwCfug","J2mmkwPiTQg3aCXP3afiJQ","7B-suS0RHxqxZBBfVfiPLA","5_cn7M-9swHrFbnqZtYGBQ","SUktrYdNQD8k2vvkM4OpfA","hz18cj0wMLa5X9GVW-Un9A","w7v0_gmsAtZRmn6dL1Fqgw","_a6jhRFIgOe74U73T5B-Ww"
"k6m3Msok7bto6biv5guEzg","th4pZ5LkoIIkb1Vmu_m2DA","kNtToQSP_Y5U8tznLXuCaw","R32Yh0XxxanldkIp11fuRg","D6SCh4BwNb52wZIqXdS4JQ","CpNMXASiwtJv5eCDf0n63g","tqxS-gA5zhBvdI5lk7kDGg","2pbOSrbB5AtQIa240AXNvQ","Gvox18F9QxsSS9qG2O8E-A","RQxLNvAra_MUUPHdhukilA","dHkbBWmXXjaO_-9BgQyEPg"
"kNtToQSP_Y5U8tznLXuCaw","lG9YdIb-87LK21XnMKvzFg","5_cn7M-9swHrFbnqZtYGBQ","w7v0_gmsAtZRmn6dL1Fqgw","gnqHyA6gY2-m9S-FKt6Xqw","SUktrYdNQD8k2vvkM4OpfA","bkh5o6bCzDCovSkRYBsU1w","e0prCZXtHGQIKeQ_wTW3uw","MfJSKP5HRllfts13MiKs1g","4cPM1Hcj3UiN3fxyOsiR9w","3G_bblT7MQIlXx8BBorILQ"
"kUICYu0N_TbtCz0Z8ynPFw","nf8cdI8ntEBHHklZq2uuJA","kyXEnWKQGWSThY6EcjORuw","E6QAh8UPRo6Tlg6hkcWCHw","OS78OVr7cCIZ5eAFGHZzwg","ECKXHrl2GqNKRMG9jp4trg","_n5wggIEfBzCUepjgvHXAQ","QdganL5AW9E_fNoRVroLig","gnqHyA6gY2-m9S-FKt6Xqw","bkh5o6bCzDCovSkRYBsU1w","eJtmOfqwGj5sYKQrB01oWQ"
"ks6JgGsz7phkGEVh9hoHkg","-LfTBo0oa_uD454ScEW2XA","pFvyOYi1O5umrbzGVYSYKg","4hWDMVtfnpyY72_5QMbthA","vsoEZauF4lrADIqCYXySFQ","ly0oNXKOoSZyr0mzOsVJhg","24UHe1SZ4cgm6u6bU_L6xA","aaJ-RaUdHyB4R3U4qNbRBA","nplkC6vnh4qT9xH-vhup6w","0tU2xdfTSfz-BwD4VhtVAQ","gWZOW4-8N5dLixQAlp8iRg"
"kyXEnWKQGWSThY6EcjORuw","bkh5o6bCzDCovSkRYBsU1w","6o6XxnI8RWhnAVSdxqCJWQ","gnqHyA6gY2-m9S-FKt6Xqw","EKQiKd7EMZjsa4JokFaeAg","E6QAh8UPRo6Tlg6hkcWCHw","nf8cdI8ntEBHHklZq2uuJA","uGxZdLLgMQDvFSqiXyCg_w","eJtmOfqwGj5sYKQrB01oWQ","3G_bblT7MQIlXx8BBorILQ","aELkI0mfF1EbQo_m44vEKg"
"l4x5FFzfiCFrGN0S-uZbBQ","dHkbBWmXXjaO_-9BgQyEPg","SUktrYdNQD8k2vvkM4OpfA","gnqHyA6gY2-m9S-FKt6Xqw","B9W60PTxn7XOZfk4BiTvyw","Z7r_FJXEyfyvVsyv2y7gFQ","eJtmOfqwGj5sYKQrB01oWQ","xistlMeIIjG21z2SaWvfVQ","bkh5o6bCzDCovSkRYBsU1w","3G_bblT7MQIlXx8BBorILQ","e0prCZXtHGQIKeQ_wTW3uw"
"lG9YdIb-87LK21XnMKvzFg","CrIWqmuO2uQWwl3z11K_BA","RQxLNvAra_MUUPHdhukilA","qaS11gk1kIlrzCX1LYiZsw","m6nLTIrEJHtHSYJjVavnzw","TEXUVhF-G_v2Sxwqti8HQA","gEJZ5USuvC1r8_QvSvDCNA","VIJ2KiDKhUVhhpNylEIfog","th4pZ5LkoIIkb1Vmu_m2DA","9V4AGrJphOIw2RC1UoPPRw","RnGG5bAz4nTPo_Ui99Kzbg"
"lWmDrnqgU6w3gFaJyn_1Uw","J2mmkwPiTQg3aCXP3afiJQ","BkqM_Ou82P3gn_PTxEN3pw","5_cn7M-9swHrFbnqZtYGBQ","lG9YdIb-87LK21XnMKvzFg","a39B-BfbCipNkNH7vwCfug","7B-suS0RHxqxZBBfVfiPLA","hz18cj0wMLa5X9GVW-Un9A","MfJSKP5HRllfts13MiKs1g","4cPM1Hcj3UiN3fxyOsiR9w","SvxSoyZn0WW0c7bFLIYfMA"
"ly0oNXKOoSZyr0mzOsVJhg","ZxQlHVm0pj0ERqpwhEHc6w","ks6JgGsz7phkGEVh9hoHkg","DjDcRTH09r1Yma6qd0om0Q","XvhCPxnxDvISSsTpiKuo4w","fTcqd-yameQpFg22hNFxsQ","7siEeRGqAJ730IkwAtcWAQ","mZJdFjxvVddqPN5RZdKSHg","PyUzLJdol6u2sSxEmJK5Cg","nf8cdI8ntEBHHklZq2uuJA","w7v0_gmsAtZRmn6dL1Fqgw"
"m6nLTIrEJHtHSYJjVavnzw","a39B-BfbCipNkNH7vwCfug","5_cn7M-9swHrFbnqZtYGBQ","lG9YdIb-87LK21XnMKvzFg","B9W60PTxn7XOZfk4BiTvyw","bkh5o6bCzDCovSkRYBsU1w","4cPM1Hcj3UiN3fxyOsiR9w","3G_bblT7MQIlXx8BBorILQ","e0prCZXtHGQIKeQ_wTW3uw","5CSGxhesXkz2XNQB8AP6Kw","mofOjB6flg-eAWOFbOkHfQ"
"mZJdFjxvVddqPN5RZdKSHg","PyUzLJdol6u2sSxEmJK5Cg","E6QAh8UPRo6Tlg6hkcWCHw","fTcqd-yameQpFg22hNFxsQ","u7jiuYiz-zVwsh0TGRHUIg","OyBStpjF5e_iRCMXflFasQ","ZxQlHVm0pj0ERqpwhEHc6w","lG9YdIb-87LK21XnMKvzFg","4cPM1Hcj3UiN3fxyOsiR9w","ECKXHrl2GqNKRMG9jp4trg","0tU2xdfTSfz-BwD4VhtVAQ"
"mklo4H47YWK7f18YXTCEoA","beBdNA6cEuDLvrhTi_EjKQ","nf8cdI8ntEBHHklZq2uuJA","3G_bblT7MQIlXx8BBorILQ","CKqHfvcqx73-Uz0xGMHL6Q","tQaIWc9qeiB1IU163LKlAw","ZxQlHVm0pj0ERqpwhEHc6w","ECKXHrl2GqNKRMG9jp4trg","bkh5o6bCzDCovSkRYBsU1w","uGxZdLLgMQDvFSqiXyCg_w","PBmfdx-tC2D54FI3HtcKww"
"mofOjB6flg-eAWOFbOkHfQ","wCB9mquz6W0ZuO5pPZXeDg","OS78OVr7cCIZ5eAFGHZzwg","tqxS-gA5zhBvdI5lk7kDGg","xistlMeIIjG21z2SaWvfVQ","e0prCZXtHGQIKeQ_wTW3uw","dn9lwYUxmhs_mLKPu7L25Q","RQxLNvAra_MUUPHdhukilA","-Jhlh8Scjy669NdtCfKSSg","oD1PPb-TfMIkkg77u1zCAw","DkwuiCqvSrqE8fUA4qJPBw"
"nf8cdI8ntEBHHklZq2uuJA","ECKXHrl2GqNKRMG9jp4trg","PyUzLJdol6u2sSxEmJK5Cg","xistlMeIIjG21z2SaWvfVQ","B9W60PTxn7XOZfk4BiTvyw","3G_bblT7MQIlXx8BBorILQ","SUktrYdNQD8k2vvkM4OpfA","hvPPw19VdGRsOEkxgyD7tg","CKqHfvcqx73-Uz0xGMHL6Q","5CSGxhesXkz2XNQB8AP6Kw","Kws-gPJjF4RxLxJE_2BjKQ"
"njngMI0mhAGJ-kH0oo68Ow","nf8cdI8ntEBHHklZq2uuJA","0aA5l11oXes0aS6mkN5lMQ","-XH3-e3jDVdjHJq7GfNY7w","E6QAh8UPRo6Tlg6hkcWCHw","gnqHyA6gY2-m9S-FKt6Xqw","kyXEnWKQGWSThY6EcjORuw","ZvSy8yaly9Aeh64Qm4Dsfw","bkh5o6bCzDCovSkRYBsU1w","xistlMeIIjG21z2SaWvfVQ","u7jiuYiz-zVwsh0TGRHUIg"
"nsSfCKW9KDB4COj9bzXApw","ODURDhURWmZr6b--O4nt3w","XbHxWOciYlBhJOjKRQbo9g","vqEtZ7CtNB9G8WMzjwJA2g","HvRWUE3yP3mY4mZiG6UtJg","YERn2kltXVj9936i6T4Q8w","TEXUVhF-G_v2Sxwqti8HQA","k441Clzdv9Ia4QZanEne3g","SvxSoyZn0WW0c7bFLIYfMA","RQxLNvAra_MUUPHdhukilA","lWmDrnqgU6w3gFaJyn_1Uw"
"nyI3q0CseFbPbTobHuzgkw","Piw4Xr1wNyL4lgmwLZ2eTg","FM-rxNJP7eSXZGwizEd-Dg","C3d4HqDjWq9e_0cPfmPykg","wgImSrYc5LOcFaMcbOuxkg","S7TY9oCMqK-TffWrygetcw","beBdNA6cEuDLvrhTi_EjKQ","sYf2auhosrx8trbyP9nGyw","k6m3Msok7bto6biv5guEzg","tQaIWc9qeiB1IU163LKlAw","SUktrYdNQD8k2vvkM4OpfA"
"o5Mofj5KJkYAMs_fhxftpg","hvPPw19VdGRsOEkxgyD7tg","ECKXHrl2GqNKRMG9jp4trg","BkqM_Ou82P3gn_PTxEN3pw","0aA5l11oXes0aS6mkN5lMQ","lG9YdIb-87LK21XnMKvzFg","hz18cj0wMLa5X9GVW-Un9A","Kws-gPJjF4RxLxJE_2BjKQ","QdganL5AW9E_fNoRVroLig","NEVA0IYbawceL6kz5v5DAw","jKxES7iLV63H_PfyGVGIDw"
"o9nGD3J0btXjE9M6IdgZTA","oK9mdYF8q0XSkhpKs8ChHg","OrX0D6xwxmymxfzWRatT7Q","JbnNk6do3aHF3Kr1bX4HzQ","e0prCZXtHGQIKeQ_wTW3uw","bkh5o6bCzDCovSkRYBsU1w","O3zVw-VAcJi8ta4B6v5iAA","DkwuiCqvSrqE8fUA4qJPBw","vVdY2qDO7dkUrU8LXYZ1uA","gEJZ5USuvC1r8_QvSvDCNA","3B74iILT_W1ptfQeW7pIYQ"
"oD1PPb-TfMIkkg77u1zCAw","J2mmkwPiTQg3aCXP3afiJQ","5_cn7M-9swHrFbnqZtYGBQ","7B-suS0RHxqxZBBfVfiPLA","gnqHyA6gY2-m9S-FKt6Xqw","MfJSKP5HRllfts13MiKs1g","RAJUQvRLopFmIklzqaUYeA","P6ZV903fV-rD9pYO7WM0Pw","Z7r_FJXEyfyvVsyv2y7gFQ","Sp32-I-Ej0CBVJvFCghyPw","VHsNB3pdGVcRgs6C3jt6Zg"
"oK9mdYF8q0XSkhpKs8ChHg","o9nGD3J0btXjE9M6IdgZTA","wsuzuLD3KV7L8oMinLCI0A","mZJdFjxvVddqPN5RZdKSHg","nf8cdI8ntEBHHklZq2uuJA","nsSfCKW9KDB4COj9bzXApw","beBdNA6cEuDLvrhTi_EjKQ","i_t8WTwztuHweRqQ89hmuQ","u7jiuYiz-zVwsh0TGRHUIg","tQaIWc9qeiB1IU163LKlAw","KGpsB2dsdkxl8SGVUlJbZw"
"pBCI0MkVxoKixxIhZqRT4Q","FM-rxNJP7eSXZGwizEd-Dg","vVdY2qDO7dkUrU8LXYZ1uA","5TPyzmhr3TKyWkPfzm01wA","wgImSrYc5LOcFaMcbOuxkg","2BEJCBkNzOBXaydBJf5k0A","0Tiq09V_kdMFPa1cL6I0AA","pFvyOYi1O5umrbzGVYSYKg","5uvf3QpmrdU2aiqmF4278A","VHsNB3pdGVcRgs6C3jt6Zg","P6ZV903fV-rD9pYO7WM0Pw"
"pMiz7SP82Tknv1NbVqoSfg","P6ZV903fV-rD9pYO7WM0Pw","5CSGxhesXkz2XNQB8AP6Kw","mofOjB6flg-eAWOFbOkHfQ","_a6jhRFIgOe74U73T5B-Ww","PTQVaWA-I5ZLzwy5oBbVMg","0aA5l11oXes0aS6mkN5lMQ","k6m3Msok7bto6biv5guEzg","E6QAh8UPRo6Tlg6hkcWCHw","ZvSy8yaly9Aeh64Qm4Dsfw","y2V42mxWvVoH4NvUT_n8eg"
"pnIb-J1NPILkDV_IqrGUyQ","PyUzLJdol6u2sSxEmJK5Cg","XvhCPxnxDvISSsTpiKuo4w","PBmfdx-tC2D54FI3HtcKww","w7v0_gmsAtZRmn6dL1Fqgw","7siEeRGqAJ730IkwAtcWAQ","BkqM_Ou82P3gn_PTxEN3pw","Z7r_FJXEyfyvVsyv2y7gFQ","hvPPw19VdGRsOEkxgyD7tg","mZJdFjxvVddqPN5RZdKSHg","ZvSy8yaly9Aeh64Qm4Dsfw"
"qaS11gk1kIlrzCX1LYiZsw","J2mmkwPiTQg3aCXP3afiJQ","dHkbBWmXXjaO_-9BgQyEPg","lG9YdIb-87LK21XnMKvzFg","BkqM_Ou82P3gn_PTxEN3pw","w7v0_gmsAtZRmn6dL1Fqgw","7B-suS0RHxqxZBBfVfiPLA","hz18cj0wMLa5X9GVW-Un9A","gnqHyA6gY2-m9S-FKt6Xqw","4cPM1Hcj3UiN3fxyOsiR9w","B9W60PTxn7XOZfk4BiTvyw"
"qeJnMI5RmyJ2TZvkqvjn6Q","MfJSKP5HRllfts13MiKs1g","SUktrYdNQD8k2vvkM4OpfA","hz18cj0wMLa5X9GVW-Un9A","3G_bblT7MQIlXx8BBorILQ","Z7r_FJXEyfyvVsyv2y7gFQ","4cPM1Hcj3UiN3fxyOsiR9w","hvPPw19VdGRsOEkxgyD7tg","5CSGxhesXkz2XNQB8AP6Kw","VHsNB3pdGVcRgs6C3jt6Zg","PTQVaWA-I5ZLzwy5oBbVMg"
"rNbAIbTn0zN8yNk0IV7dfQ","e0prCZXtHGQIKeQ_wTW3uw","5_cn7M-9swHrFbnqZtYGBQ","Sp32-I-Ej0CBVJvFCghyPw","ZMcbVIEXsLO7j1Q1GXKPSw","0aA5l11oXes0aS6mkN5lMQ","5CSGxhesXkz2XNQB8AP6Kw","lG9YdIb-87LK21XnMKvzFg","E6QAh8UPRo6Tlg6hkcWCHw","mZJdFjxvVddqPN5RZdKSHg","4cPM1Hcj3UiN3fxyOsiR9w"
"r_QcMIgY2zxdcV40kK_rxw","V-_Kh0RtKcKdQ0ON4eVQ-Q","y2V42mxWvVoH4NvUT_n8eg","5jXwI9WpDxGDmzmkmE0RTg","U8VXQaeog9wb_Y6hCkfitg","qaS11gk1kIlrzCX1LYiZsw","JCnFvoh7lU8PF_Yhh8bgOw","O3zVw-VAcJi8ta4B6v5iAA","XbHxWOciYlBhJOjKRQbo9g","kyXEnWKQGWSThY6EcjORuw","SvxSoyZn0WW0c7bFLIYfMA"
"s173l3ubdDLHeFIBO3ydrw","MqhxKfI7oMjUTMqH2gnhyg","62Ibju8UmUZtPIBLDS_nUw","zTGxLMOd9crAz0XNzqrcrA","BvARTl3t-aztQ9HPKc9xGQ","0tU2xdfTSfz-BwD4VhtVAQ","Pq_dAtQ4i1wkyWsEiFYrEA","dKncjeWnvdqYiNC8l26fog","t952QLgrh-5l1woJ4IFgUA","tjflM9icU-y6xqNntOXtOQ","zp3rZNu-5qonTL3ByPYOUg"
"sYf2auhosrx8trbyP9nGyw","Z7r_FJXEyfyvVsyv2y7gFQ","VHsNB3pdGVcRgs6C3jt6Zg","bkh5o6bCzDCovSkRYBsU1w","-S1BkxguVmi2G_O6Bcoabg","E6QAh8UPRo6Tlg6hkcWCHw","SvxSoyZn0WW0c7bFLIYfMA","hP2DOm7E2H4P7MOS7XN_SQ","4cPM1Hcj3UiN3fxyOsiR9w","_a6jhRFIgOe74U73T5B-Ww","kyXEnWKQGWSThY6EcjORuw"
"t0HT9od2xZ0Fc5a0PFB2BQ","ab-SN9sTNB29QzrgjgniUQ","yE4k_CM9L0yPVVozyELfSQ","wsuzuLD3KV7L8oMinLCI0A","oK9mdYF8q0XSkhpKs8ChHg","4SGa5HFu7Q4rrsAAWJa-ew","VHsNB3pdGVcRgs6C3jt6Zg","nyI3q0CseFbPbTobHuzgkw","vVdY2qDO7dkUrU8LXYZ1uA","MA5R-mV6ljRM1MK6Mdiv5g","b8iHKolCsC4ZTM8X9-L01A"
"t952QLgrh-5l1woJ4IFgUA","Hc5NrzzzL8RAnbcrIAvZug","MqhxKfI7oMjUTMqH2gnhyg","e88VWa9xdHmSFdMZne9eLQ","ZMcbVIEXsLO7j1Q1GXKPSw","s173l3ubdDLHeFIBO3ydrw","Pq_dAtQ4i1wkyWsEiFYrEA","pnIb-J1NPILkDV_IqrGUyQ","-7PuYohz9dR80iGfVR_kLA","PyUzLJdol6u2sSxEmJK5Cg","kyXEnWKQGWSThY6EcjORuw"
"tQaIWc9qeiB1IU163LKlAw","uGxZdLLgMQDvFSqiXyCg_w","ECKXHrl2GqNKRMG9jp4trg","bkh5o6bCzDCovSkRYBsU1w","PBmfdx-tC2D54FI3HtcKww","XvhCPxnxDvISSsTpiKuo4w","mklo4H47YWK7f18YXTCEoA","4SGa5HFu7Q4rrsAAWJa-ew","E6QAh8UPRo6Tlg6hkcWCHw","SUktrYdNQD8k2vvkM4OpfA","nf8cdI8ntEBHHklZq2uuJA"
"t_yiQnxUDdPPCN2z4QyezA","w7v0_gmsAtZRmn6dL1Fqgw","RAJUQvRLopFmIklzqaUYeA","4cPM1Hcj3UiN3fxyOsiR9w","P6ZV903fV-rD9pYO7WM0Pw","5CSGxhesXkz2XNQB8AP6Kw","Z7r_FJXEyfyvVsyv2y7gFQ","hvPPw19VdGRsOEkxgyD7tg","SvxSoyZn0WW0c7bFLIYfMA","Kws-gPJjF4RxLxJE_2BjKQ","QdganL5AW9E_fNoRVroLig"
"th4pZ5LkoIIkb1Vmu_m2DA","BkqM_Ou82P3gn_PTxEN3pw","a39B-BfbCipNkNH7vwCfug","7B-suS0RHxqxZBBfVfiPLA","lG9YdIb-87LK21XnMKvzFg","hz18cj0wMLa5X9GVW-Un9A","Z7r_FJXEyfyvVsyv2y7gFQ","5_cn7M-9swHrFbnqZtYGBQ","gnqHyA6gY2-m9S-FKt6Xqw","w7v0_gmsAtZRmn6dL1Fqgw","P6ZV903fV-rD9pYO7WM0Pw"
"tqxS-gA5zhBvdI5lk7kDGg","w7v0_gmsAtZRmn6dL1Fqgw","hz18cj0wMLa5X9GVW-Un9A","B9W60PTxn7XOZfk4BiTvyw","SvxSoyZn0WW0c7bFLIYfMA","e0prCZXtHGQIKeQ_wTW3uw","mofOjB6flg-eAWOFbOkHfQ","3G_bblT7MQIlXx8BBorILQ","5CSGxhesXkz2XNQB8AP6Kw","xistlMeIIjG21z2SaWvfVQ","Sp32-I-Ej0CBVJvFCghyPw"
"u8C8pRvaHXg3PgDrsUHJHQ","BkqM_Ou82P3gn_PTxEN3pw","lG9YdIb-87LK21XnMKvzFg","Z7r_FJXEyfyvVsyv2y7gFQ","B9W60PTxn7XOZfk4BiTvyw","4cPM1Hcj3UiN3fxyOsiR9w","MfJSKP5HRllfts13MiKs1g","SvxSoyZn0WW0c7bFLIYfMA","RAJUQvRLopFmIklzqaUYeA","3G_bblT7MQIlXx8BBorILQ","xistlMeIIjG21z2SaWvfVQ"
"uGxZdLLgMQDvFSqiXyCg_w","beBdNA6cEuDLvrhTi_EjKQ","tQaIWc9qeiB1IU163LKlAw","uvVOuCbo4_5z_J5WJVG4QQ","hz18cj0wMLa5X9GVW-Un9A","CKqHfvcqx73-Uz0xGMHL6Q","ECKXHrl2GqNKRMG9jp4trg","wsuzuLD3KV7L8oMinLCI0A","3G_bblT7MQIlXx8BBorILQ","SUktrYdNQD8k2vvkM4OpfA","bkh5o6bCzDCovSkRYBsU1w"
"uMHk2kudlAN94fFVNdYhxw","nsSfCKW9KDB4COj9bzXApw","KGpsB2dsdkxl8SGVUlJbZw","0tU2xdfTSfz-BwD4VhtVAQ","PgMt7JtwUB-QUoRZAbwUng","nf8cdI8ntEBHHklZq2uuJA","3B74iILT_W1ptfQeW7pIYQ","CObgcxFJuEXZZpm4Mw3z1A","5_cn7M-9swHrFbnqZtYGBQ","HvRWUE3yP3mY4mZiG6UtJg","PTQVaWA-I5ZLzwy5oBbVMg"
"u_MdwAj7eGenc0YhqQy6nA","o9nGD3J0btXjE9M6IdgZTA","JbnNk6do3aHF3Kr1bX4HzQ","KGpsB2dsdkxl8SGVUlJbZw","VSkNNLEGTwVCjXTqQ4rCrg","jK8PNNtv4RI6m-xd-tGjPQ","o5Mofj5KJkYAMs_fhxftpg","nsSfCKW9KDB4COj9bzXApw","vVdY2qDO7dkUrU8LXYZ1uA","ZxQlHVm0pj0ERqpwhEHc6w","Kws-gPJjF4RxLxJE_2BjKQ"
"uvVOuCbo4_5z_J5WJVG4QQ","uGxZdLLgMQDvFSqiXyCg_w","ECKXHrl2GqNKRMG9jp4trg","e0prCZXtHGQIKeQ_wTW3uw","E6QAh8UPRo6Tlg6hkcWCHw","nf8cdI8ntEBHHklZq2uuJA","ZxQlHVm0pj0ERqpwhEHc6w","a39B-BfbCipNkNH7vwCfug","VHsNB3pdGVcRgs6C3jt6Zg","XvhCPxnxDvISSsTpiKuo4w","vsoEZauF4lrADIqCYXySFQ"
"vVdY2qDO7dkUrU8LXYZ1uA","Epr8Ft7LwYAzotFwxQX6uw","K2lscpx0S9wpqNz0s9AIwQ","hP2DOm7E2H4P7MOS7XN_SQ","HvRWUE3yP3mY4mZiG6UtJg","CpNMXASiwtJv5eCDf0n63g","th4pZ5LkoIIkb1Vmu_m2DA","iLxG2Oo8HNSZFvJvba4W6g","qaS11gk1kIlrzCX1LYiZsw","vqEtZ7CtNB9G8WMzjwJA2g","6d82R41sVNDVS0I-c1Ghkg"
"vqEtZ7CtNB9G8WMzjwJA2g","dHkbBWmXXjaO_-9BgQyEPg","BkqM_Ou82P3gn_PTxEN3pw","7B-suS0RHxqxZBBfVfiPLA","J2mmkwPiTQg3aCXP3afiJQ","a39B-BfbCipNkNH7vwCfug","lG9YdIb-87LK21XnMKvzFg","hz18cj0wMLa5X9GVW-Un9A","5_cn7M-9swHrFbnqZtYGBQ","Z7r_FJXEyfyvVsyv2y7gFQ","w7v0_gmsAtZRmn6dL1Fqgw"
"vsoEZauF4lrADIqCYXySFQ","XvhCPxnxDvISSsTpiKuo4w","MfJSKP5HRllfts13MiKs1g","ZxQlHVm0pj0ERqpwhEHc6w","ks6JgGsz7phkGEVh9hoHkg","SvxSoyZn0WW0c7bFLIYfMA","E6QAh8UPRo6Tlg6hkcWCHw","ECKXHrl2GqNKRMG9jp4trg","bkh5o6bCzDCovSkRYBsU1w","BkqM_Ou82P3gn_PTxEN3pw","PBmfdx-tC2D54FI3HtcKww"
"w7v0_gmsAtZRmn6dL1Fqgw","dn9lwYUxmhs_mLKPu7L25Q","1qQ5VkxiBUjbGGdpBN-PUQ","-Jhlh8Scjy669NdtCfKSSg","xWGn7oqLOZu_00H8pZOtsQ","tqxS-gA5zhBvdI5lk7kDGg","Epr8Ft7LwYAzotFwxQX6uw","VIJ2KiDKhUVhhpNylEIfog","B2N_XO6fX0ILL9c50QuzHg","NSzhahVpI_B32snhJHM0HA","t_yiQnxUDdPPCN2z4QyezA"
"wCB9mquz6W0ZuO5pPZXeDg","J2mmkwPiTQg3aCXP3afiJQ","7B-suS0RHxqxZBBfVfiPLA","4cPM1Hcj3UiN3fxyOsiR9w","MfJSKP5HRllfts13MiKs1g","Sp32-I-Ej0CBVJvFCghyPw","e0prCZXtHGQIKeQ_wTW3uw","P6ZV903fV-rD9pYO7WM0Pw","eJtmOfqwGj5sYKQrB01oWQ","mofOjB6flg-eAWOFbOkHfQ","hvPPw19VdGRsOEkxgyD7tg"
"wgImSrYc5LOcFaMcbOuxkg","ab-SN9sTNB29QzrgjgniUQ","nyI3q0CseFbPbTobHuzgkw","gWZOW4-8N5dLixQAlp8iRg","eJtmOfqwGj5sYKQrB01oWQ","iO86eCaZJBHqi1sZ1ELk6A","PTQVaWA-I5ZLzwy5oBbVMg","UUsS7SrTQQ2AvvpslfrvFA","pBCI0MkVxoKixxIhZqRT4Q","rNbAIbTn0zN8yNk0IV7dfQ","bkh5o6bCzDCovSkRYBsU1w"
"wsuzuLD3KV7L8oMinLCI0A","XvhCPxnxDvISSsTpiKuo4w","bkh5o6bCzDCovSkRYBsU1w","uGxZdLLgMQDvFSqiXyCg_w","VHsNB3pdGVcRgs6C3jt6Zg","E6QAh8UPRo6Tlg6hkcWCHw","OS78OVr7cCIZ5eAFGHZzwg","7B-suS0RHxqxZBBfVfiPLA","nf8cdI8ntEBHHklZq2uuJA","ZxQlHVm0pj0ERqpwhEHc6w","_a6jhRFIgOe74U73T5B-Ww"
"xeN57OX3lJfY96nfEx63fg","aaJ-RaUdHyB4R3U4qNbRBA","uGxZdLLgMQDvFSqiXyCg_w","CObgcxFJuEXZZpm4Mw3z1A","Z7r_FJXEyfyvVsyv2y7gFQ","hz18cj0wMLa5X9GVW-Un9A","PTQVaWA-I5ZLzwy5oBbVMg","VHsNB3pdGVcRgs6C3jt6Zg","ZPREnm3Du71PYwtDuBJryQ","tjflM9icU-y6xqNntOXtOQ","B9W60PTxn7XOZfk4BiTvyw"
"yE4k_CM9L0yPVVozyELfSQ","jK8PNNtv4RI6m-xd-tGjPQ","njngMI0mhAGJ-kH0oo68Ow","6o6XxnI8RWhnAVSdxqCJWQ","ab-SN9sTNB29QzrgjgniUQ","VHsNB3pdGVcRgs6C3jt6Zg","t0HT9od2xZ0Fc5a0PFB2BQ","vVdY2qDO7dkUrU8LXYZ1uA","-S1BkxguVmi2G_O6Bcoabg","Qc5zSg9lnsT4G37hxr53tQ","UUsS7SrTQQ2AvvpslfrvFA"
"yRKrMWQxQaMeR18s5ajcYw","i_t8WTwztuHweRqQ89hmuQ","nplkC6vnh4qT9xH-vhup6w","o9nGD3J0btXjE9M6IdgZTA","nsSfCKW9KDB4COj9bzXApw","CObgcxFJuEXZZpm4Mw3z1A","0tU2xdfTSfz-BwD4VhtVAQ","JbWQtVLQDEOBlvbVWk2OFg","PgMt7JtwUB-QUoRZAbwUng","S7TY9oCMqK-TffWrygetcw","3B74iILT_W1ptfQeW7pIYQ"
"yiWYJnHngOJWuP_CFP6Itw","i_t8WTwztuHweRqQ89hmuQ","o9nGD3J0btXjE9M6IdgZTA","CObgcxFJuEXZZpm4Mw3z1A","y2V42mxWvVoH4NvUT_n8eg","FM-rxNJP7eSXZGwizEd-Dg","S7TY9oCMqK-TffWrygetcw","JbWQtVLQDEOBlvbVWk2OFg","wgImSrYc5LOcFaMcbOuxkg","nplkC6vnh4qT9xH-vhup6w","nsSfCKW9KDB4COj9bzXApw"
"xWGn7oqLOZu_00H8pZOtsQ","J2mmkwPiTQg3aCXP3afiJQ","BkqM_Ou82P3gn_PTxEN3pw","w7v0_gmsAtZRmn6dL1Fqgw","gnqHyA6gY2-m9S-FKt6Xqw","xistlMeIIjG21z2SaWvfVQ","P6ZV903fV-rD9pYO7WM0Pw","3G_bblT7MQIlXx8BBorILQ","eJtmOfqwGj5sYKQrB01oWQ","SUktrYdNQD8k2vvkM4OpfA","Z7r_FJXEyfyvVsyv2y7gFQ"
"xistlMeIIjG21z2SaWvfVQ","MfJSKP5HRllfts13MiKs1g","dtKy808TwAgtOcwSCbXFJw","hvPPw19VdGRsOEkxgyD7tg","hz18cj0wMLa5X9GVW-Un9A","xWGn7oqLOZu_00H8pZOtsQ","boIILzBqhjWhq4G0BsB5_A","PyUzLJdol6u2sSxEmJK5Cg","QdganL5AW9E_fNoRVroLig","JoHDOuZ1BnFi63PgC_zYeQ","4cPM1Hcj3UiN3fxyOsiR9w"
"y2V42mxWvVoH4NvUT_n8eg","k441Clzdv9Ia4QZanEne3g","9V4AGrJphOIw2RC1UoPPRw","SgG5E7PUrCIsEMP0BVSlTg","th4pZ5LkoIIkb1Vmu_m2DA","NSzhahVpI_B32snhJHM0HA","CrIWqmuO2uQWwl3z11K_BA","XiJG_I82LssFbGDIMsHYvQ","r_QcMIgY2zxdcV40kK_rxw","U8VXQaeog9wb_Y6hCkfitg","RQxLNvAra_MUUPHdhukilA"
"nplkC6vnh4qT9xH-vhup6w","pFvyOYi1O5umrbzGVYSYKg","O1Sp0pDa8wmMfOC-FUGZFQ","ks6JgGsz7phkGEVh9hoHkg","ECKXHrl2GqNKRMG9jp4trg","5dCJy5oH6ZHqB_7cx76DhA","yRKrMWQxQaMeR18s5ajcYw","c2uAqJ2REpLMCZO2jxdi9w","doEpdTg3l55-IWemTlG3tg","yiWYJnHngOJWuP_CFP6Itw","k6m3Msok7bto6biv5guEzg"
"pFvyOYi1O5umrbzGVYSYKg","ks6JgGsz7phkGEVh9hoHkg","nplkC6vnh4qT9xH-vhup6w","-LfTBo0oa_uD454ScEW2XA","4hWDMVtfnpyY72_5QMbthA","ATEOnDYQCYSwCCH6hxenlQ","BvARTl3t-aztQ9HPKc9xGQ","pBCI0MkVxoKixxIhZqRT4Q","gWZOW4-8N5dLixQAlp8iRg","ZPREnm3Du71PYwtDuBJryQ","7AlULGZI1pHt0imODsqdkg"
"u7jiuYiz-zVwsh0TGRHUIg","E6QAh8UPRo6Tlg6hkcWCHw","MQ-xcuUXXBYvrXzy7BmOFw","PyUzLJdol6u2sSxEmJK5Cg","Sp32-I-Ej0CBVJvFCghyPw","ECKXHrl2GqNKRMG9jp4trg","ZxQlHVm0pj0ERqpwhEHc6w","xistlMeIIjG21z2SaWvfVQ","bkh5o6bCzDCovSkRYBsU1w","a39B-BfbCipNkNH7vwCfug","ZMcbVIEXsLO7j1Q1GXKPSw"
"zswdqM8Av3KxVv9o7_6ORA","CpNMXASiwtJv5eCDf0n63g","D6SCh4BwNb52wZIqXdS4JQ","Epr8Ft7LwYAzotFwxQX6uw","NEVA0IYbawceL6kz5v5DAw","0FrYsoVHheQGoXEQsH2d2Q","1qQ5VkxiBUjbGGdpBN-PUQ","d_Wm9CpzIo_0T-XLfq1UcA","hvPPw19VdGRsOEkxgyD7tg","XiJG_I82LssFbGDIMsHYvQ","FsnwQwatA43aeGhJlxQ_Kg"
"tCCBl_sHPQsJg37g2fjRpA","k6m3Msok7bto6biv5guEzg","CObgcxFJuEXZZpm4Mw3z1A","0-WocGTpO3Zm4q1Zzz49Rw","PyUzLJdol6u2sSxEmJK5Cg","0tU2xdfTSfz-BwD4VhtVAQ","eJtmOfqwGj5sYKQrB01oWQ","DjDcRTH09r1Yma6qd0om0Q","fTcqd-yameQpFg22hNFxsQ","XvhCPxnxDvISSsTpiKuo4w","MfJSKP5HRllfts13MiKs1g"
"tjflM9icU-y6xqNntOXtOQ","zTGxLMOd9crAz0XNzqrcrA","dKncjeWnvdqYiNC8l26fog","uGxZdLLgMQDvFSqiXyCg_w","0-WocGTpO3Zm4q1Zzz49Rw","5TPyzmhr3TKyWkPfzm01wA","O6vI8ti-3uYE15ooEthFiw","PyUzLJdol6u2sSxEmJK5Cg","CObgcxFJuEXZZpm4Mw3z1A","Icj9QzQxqvzOmPm_liAq1Q","u7jiuYiz-zVwsh0TGRHUIg"
"zTGxLMOd9crAz0XNzqrcrA","-LfTBo0oa_uD454ScEW2XA","Icj9QzQxqvzOmPm_liAq1Q","tjflM9icU-y6xqNntOXtOQ","fTcqd-yameQpFg22hNFxsQ","uGxZdLLgMQDvFSqiXyCg_w","7siEeRGqAJ730IkwAtcWAQ","0-WocGTpO3Zm4q1Zzz49Rw","62Ibju8UmUZtPIBLDS_nUw","abA0s0uxoeOn7zNm-1dDxw","24UHe1SZ4cgm6u6bU_L6xA"
"dMP29gTLicNLWhATxP2Dxg","JbWQtVLQDEOBlvbVWk2OFg","fTcqd-yameQpFg22hNFxsQ","JbnNk6do3aHF3Kr1bX4HzQ","mofOjB6flg-eAWOFbOkHfQ","RAJUQvRLopFmIklzqaUYeA","7B-suS0RHxqxZBBfVfiPLA","8GUMO244E8CxfJcyJIWFOA","-A4suUjxa7gNaiUMDjO42g","iLxG2Oo8HNSZFvJvba4W6g","vqEtZ7CtNB9G8WMzjwJA2g"
"e88VWa9xdHmSFdMZne9eLQ","-7PuYohz9dR80iGfVR_kLA","t952QLgrh-5l1woJ4IFgUA","DjDcRTH09r1Yma6qd0om0Q","CObgcxFJuEXZZpm4Mw3z1A","tCCBl_sHPQsJg37g2fjRpA","9zGkU1ahmYCn3DlnKOXhqA","0aA5l11oXes0aS6mkN5lMQ","pnIb-J1NPILkDV_IqrGUyQ","PyUzLJdol6u2sSxEmJK5Cg","kyXEnWKQGWSThY6EcjORuw"
"xE4WM5ZvtBkFnojFUTQfqg","MQ-xcuUXXBYvrXzy7BmOFw","FM-rxNJP7eSXZGwizEd-Dg","gWZOW4-8N5dLixQAlp8iRg","k6m3Msok7bto6biv5guEzg","EKQiKd7EMZjsa4JokFaeAg","S7TY9oCMqK-TffWrygetcw","Piw4Xr1wNyL4lgmwLZ2eTg","PBmfdx-tC2D54FI3HtcKww","PyUzLJdol6u2sSxEmJK5Cg","5uvf3QpmrdU2aiqmF4278A"
"qFwc6pD29qnTgd9tZDRYig","MqhxKfI7oMjUTMqH2gnhyg","-LfTBo0oa_uD454ScEW2XA","MQ-xcuUXXBYvrXzy7BmOFw","zTGxLMOd9crAz0XNzqrcrA","0-WocGTpO3Zm4q1Zzz49Rw","0tU2xdfTSfz-BwD4VhtVAQ","8ed4YmEWPr5nfau82-OtCA","hMgIF04rrJ7oB1lGIpFt5w","ZPREnm3Du71PYwtDuBJryQ","24UHe1SZ4cgm6u6bU_L6xA"
"gOMc2QcDaMIOkIVTShqoYA","BKNPoWf3bQoxFWf-Kjt3wQ","_TWp4gqGF7tQUGloTClcNg","DysXlYb_WVlksoip8atIvQ","O6vI8ti-3uYE15ooEthFiw","Frbldz6phswVyMNvwherhA","pBCI0MkVxoKixxIhZqRT4Q","5dCJy5oH6ZHqB_7cx76DhA","yRKrMWQxQaMeR18s5ajcYw","c2uAqJ2REpLMCZO2jxdi9w","hxlfoblUAzNSOszKlyaV6g"
"PiD4hteskHnFC4GowN34cw","FM-rxNJP7eSXZGwizEd-Dg","aELkI0mfF1EbQo_m44vEKg","ab-SN9sTNB29QzrgjgniUQ","wgImSrYc5LOcFaMcbOuxkg","Piw4Xr1wNyL4lgmwLZ2eTg","iO86eCaZJBHqi1sZ1ELk6A","S7TY9oCMqK-TffWrygetcw","r_QcMIgY2zxdcV40kK_rxw","k6m3Msok7bto6biv5guEzg","OrX0D6xwxmymxfzWRatT7Q"
"giiWXI4DcXIdvoGmeIOeEQ","ZPREnm3Du71PYwtDuBJryQ","jeTfL2kCyBtmFGSrSQHqVw","aELkI0mfF1EbQo_m44vEKg","Qc5zSg9lnsT4G37hxr53tQ","i1YpfdZTpLj8TrKm9HlCig","24UHe1SZ4cgm6u6bU_L6xA","QdganL5AW9E_fNoRVroLig","o5Mofj5KJkYAMs_fhxftpg","E6QAh8UPRo6Tlg6hkcWCHw","r_QcMIgY2zxdcV40kK_rxw"
"m8qGdllgcUSqZmcryQWM9A","jeTfL2kCyBtmFGSrSQHqVw","jK8PNNtv4RI6m-xd-tGjPQ","0tU2xdfTSfz-BwD4VhtVAQ","E6QAh8UPRo6Tlg6hkcWCHw","nplkC6vnh4qT9xH-vhup6w","fTcqd-yameQpFg22hNFxsQ","kyXEnWKQGWSThY6EcjORuw","7siEeRGqAJ730IkwAtcWAQ","CKqHfvcqx73-Uz0xGMHL6Q","DysXlYb_WVlksoip8atIvQ"
"zp3rZNu-5qonTL3ByPYOUg","1YqkSk2xorNWPOoieIMApQ","-S1BkxguVmi2G_O6Bcoabg","uGxZdLLgMQDvFSqiXyCg_w","DjDcRTH09r1Yma6qd0om0Q","7siEeRGqAJ730IkwAtcWAQ","mklo4H47YWK7f18YXTCEoA","mZJdFjxvVddqPN5RZdKSHg","-LfTBo0oa_uD454ScEW2XA","Icj9QzQxqvzOmPm_liAq1Q","MQ-xcuUXXBYvrXzy7BmOFw"
"doEpdTg3l55-IWemTlG3tg","JbWQtVLQDEOBlvbVWk2OFg","nplkC6vnh4qT9xH-vhup6w","3B74iILT_W1ptfQeW7pIYQ","u_MdwAj7eGenc0YhqQy6nA","FM-rxNJP7eSXZGwizEd-Dg","5dCJy5oH6ZHqB_7cx76DhA","i_t8WTwztuHweRqQ89hmuQ","yRKrMWQxQaMeR18s5ajcYw","wgImSrYc5LOcFaMcbOuxkg","Piw4Xr1wNyL4lgmwLZ2eTg"
"_TWp4gqGF7tQUGloTClcNg","gOMc2QcDaMIOkIVTShqoYA","pBCI0MkVxoKixxIhZqRT4Q","LwFlN4-f4cPHx6-gk8HlUw","Bfh_ON-LQUcJerjcDF5KNA","gnqHyA6gY2-m9S-FKt6Xqw","lG9YdIb-87LK21XnMKvzFg","8GUMO244E8CxfJcyJIWFOA","-A4suUjxa7gNaiUMDjO42g","iLxG2Oo8HNSZFvJvba4W6g","vqEtZ7CtNB9G8WMzjwJA2g"
